hero,group
1b7345c8-3534-4dae-86e5-44afeedbdbf7,2fca2a77-1458-4532-a307-1b30f1758b61
272504bd-1c33-4c96-a765-c3cee3e8742a,2fca2a77-1458-4532-a307-1b30f1758b61
48e3455d-c108-46b4-87d2-885426266aa8,2fca2a77-1458-4532-a307-1b30f1758b61
9b148f20-e98e-4f49-ba31-e952345f1acd,2fca2a77-1458-4532-a307-1b30f1758b61
69450170-f0e0-4d86-8484-268536b32925,2fca2a77-1458-4532-a307-1b30f1758b61
a8521022-a926-4e58-95dd-ecc26def8ee8,2fca2a77-1458-4532-a307-1b30f1758b61
ce2d47bd-e0b6-4833-af53-d2c284145863,2fca2a77-1458-4532-a307-1b30f1758b61
33010f8d-9c11-4150-afc3-60eb99228c74,2fca2a77-1458-4532-a307-1b30f1758b61
bcb5832b-d2f2-4ef3-9f64-11f99a13bde9,2fca2a77-1458-4532-a307-1b30f1758b61
7612cca2-e740-4606-a823-a6ae7a699e22,2fca2a77-1458-4532-a307-1b30f1758b61
f04de33d-64cd-47a7-aab8-a7ba874576ce,c34ad369-300e-455f-a713-c17bd8d8b8f8
4ff3236b-baee-4e69-a521-b8ef9a9610a9,c34ad369-300e-455f-a713-c17bd8d8b8f8
340753b7-e1c5-49a5-b6fb-65dc190a7505,c34ad369-300e-455f-a713-c17bd8d8b8f8
02d3876c-8ba0-4a7e-b749-be5fa1897169,c34ad369-300e-455f-a713-c17bd8d8b8f8
54a64fdf-6d5b-4c0b-b51b-b23407df8652,c34ad369-300e-455f-a713-c17bd8d8b8f8
be159198-5817-4c56-bdbe-796cbff9d9bb,df378913-cce6-45e2-aab3-c1523b4e70b4
e198779f-f006-4840-ab8a-8fe4d87c1a43,df378913-cce6-45e2-aab3-c1523b4e70b4
fdeb81b2-2a29-40e6-9562-31e9235b310f,df378913-cce6-45e2-aab3-c1523b4e70b4
f1ec7818-22a3-43bd-9292-206027ef0384,df378913-cce6-45e2-aab3-c1523b4e70b4
54a64fdf-6d5b-4c0b-b51b-b23407df8652,df378913-cce6-45e2-aab3-c1523b4e70b4
bc7fa871-32e3-4e34-920d-94ab78f2d5c8,a49762b8-69b4-4a70-a7c1-2fa3ef241bcf
a0a7452d-e210-49e2-a195-1332e0a140a7,d2bf7139-8f2d-4342-b643-cba0970c07ad
62abc60b-0f9b-432e-a1ce-94fe3d50686f,2603c8e1-54ba-4f21-ad76-012c586bf149
887e8690-b1ca-4e4e-b3a1-a52894f293d1,2603c8e1-54ba-4f21-ad76-012c586bf149
3017cef9-e9a9-4b9d-a18f-e675a7ca88b0,2603c8e1-54ba-4f21-ad76-012c586bf149
ad7aa449-6be7-494b-8c85-5a31f170d8cf,2603c8e1-54ba-4f21-ad76-012c586bf149
318b6946-121a-4329-988b-18ef416240cd,2603c8e1-54ba-4f21-ad76-012c586bf149
e8512c52-8f5d-429e-b9d3-80040f2f36df,1a290c39-bd9b-4371-a979-2efa9762e52d
26ec1eb2-e1be-4fed-ada7-d3c5fcdaab09,a458a0c6-bee5-4e7d-9922-8b0c58315ac1
5c0891e5-c8e2-4a20-90c5-f21ace376001,a458a0c6-bee5-4e7d-9922-8b0c58315ac1
1b7345c8-3534-4dae-86e5-44afeedbdbf7,7249a7a4-c5d6-40d3-9212-813e7702b6f9
272504bd-1c33-4c96-a765-c3cee3e8742a,7249a7a4-c5d6-40d3-9212-813e7702b6f9
d4e8f54b-2674-48e4-afcf-316287ea43b3,7249a7a4-c5d6-40d3-9212-813e7702b6f9
1c02ce63-41d9-4e6e-974e-dd2a5fa1183f,7249a7a4-c5d6-40d3-9212-813e7702b6f9
09cdc768-8215-4518-8789-0c0d065a937d,7249a7a4-c5d6-40d3-9212-813e7702b6f9
3017cef9-e9a9-4b9d-a18f-e675a7ca88b0,7249a7a4-c5d6-40d3-9212-813e7702b6f9
6f6245f6-03f7-4131-ab8d-54d4d4383b71,7249a7a4-c5d6-40d3-9212-813e7702b6f9
263a1e51-326b-45f7-91b4-298acbaa6291,7249a7a4-c5d6-40d3-9212-813e7702b6f9
f28d4a08-d9a0-4f6c-91c7-cc4acc346cd4,7249a7a4-c5d6-40d3-9212-813e7702b6f9
ac75b839-5c59-47f5-a75d-313b87c61925,7249a7a4-c5d6-40d3-9212-813e7702b6f9
7612cca2-e740-4606-a823-a6ae7a699e22,7249a7a4-c5d6-40d3-9212-813e7702b6f9
9b148f20-e98e-4f49-ba31-e952345f1acd,55e564ed-4c2d-477e-8c88-a74f587ca261
cbdaf545-2a85-45cd-8a82-c638f846395a,55e564ed-4c2d-477e-8c88-a74f587ca261
856b61c5-1a3d-4e92-8585-a0a1f4d04f12,55e564ed-4c2d-477e-8c88-a74f587ca261
ddccffba-dd7f-40e9-80ff-cb429db9c7ab,55e564ed-4c2d-477e-8c88-a74f587ca261
fb4e051c-823c-43e5-9a2a-bebccc1b8159,55e564ed-4c2d-477e-8c88-a74f587ca261
2a19068f-cabc-4922-8004-1f1cb2c945a1,55e564ed-4c2d-477e-8c88-a74f587ca261
a0ca771e-1184-4d4c-bfd4-eb6dbfad5a22,55e564ed-4c2d-477e-8c88-a74f587ca261
7edc8835-749b-4838-b81b-d42ea94cd7d0,55e564ed-4c2d-477e-8c88-a74f587ca261
00cc62ce-d881-44ed-b0d6-7ec0841077b1,55e564ed-4c2d-477e-8c88-a74f587ca261
a45a6d4a-cb97-465c-bb7b-218759dadc7d,55e564ed-4c2d-477e-8c88-a74f587ca261
1b0385f1-6699-4428-9d34-1a5458fefaba,55e564ed-4c2d-477e-8c88-a74f587ca261
42cc626c-8a29-4bf7-b91e-5b803c857f6e,55e564ed-4c2d-477e-8c88-a74f587ca261
be28ee6f-7cb3-4c61-8d26-9a49a24214c3,55e564ed-4c2d-477e-8c88-a74f587ca261
78e2e32a-cd7e-4297-b596-d2bda0e22025,55e564ed-4c2d-477e-8c88-a74f587ca261
549956db-e4e1-4472-810c-143907fcc3d8,55e564ed-4c2d-477e-8c88-a74f587ca261
7f5f9b27-fe8a-48db-b56d-c6ba6266f62b,55e564ed-4c2d-477e-8c88-a74f587ca261
de344852-82c0-40a0-b74f-5a242a88c6d6,55e564ed-4c2d-477e-8c88-a74f587ca261
3219109f-802a-4690-ba3a-23db48e819c1,55e564ed-4c2d-477e-8c88-a74f587ca261
5d0c149f-4042-4180-b1c9-f7d7b9275b05,55e564ed-4c2d-477e-8c88-a74f587ca261
c7da34d0-bc0d-4f10-81db-9d591c236325,55e564ed-4c2d-477e-8c88-a74f587ca261
bb997afd-2816-46a1-802f-631a59a6491e,55e564ed-4c2d-477e-8c88-a74f587ca261
8d4b5284-d94d-4bfd-bcf5-5fcda7b03a40,55e564ed-4c2d-477e-8c88-a74f587ca261
a1f72deb-66c8-47a3-b87d-0f2bbadbfbf4,55e564ed-4c2d-477e-8c88-a74f587ca261
db987e28-aa91-4670-b0fe-189453962159,55e564ed-4c2d-477e-8c88-a74f587ca261
8af69094-cc3f-4a64-8e15-1bd92993a30e,55e564ed-4c2d-477e-8c88-a74f587ca261
2575740c-efa4-4101-a8ea-6732ae18c32c,55e564ed-4c2d-477e-8c88-a74f587ca261
f490f7f2-0e18-41ef-9638-9e54b1e5a215,55e564ed-4c2d-477e-8c88-a74f587ca261
c9238bda-687a-4cef-94d4-5c7fbdc4789a,55e564ed-4c2d-477e-8c88-a74f587ca261
9fe3acd9-6e09-4ca6-8428-b1d5af4f6e3e,55e564ed-4c2d-477e-8c88-a74f587ca261
705d7d9e-ac82-48f0-a825-e2b90dac7da9,55e564ed-4c2d-477e-8c88-a74f587ca261
1a88136e-5791-4d05-9ce2-30569cf9cb86,55e564ed-4c2d-477e-8c88-a74f587ca261
44cdb05f-3160-491d-b8e5-31e160e55846,55e564ed-4c2d-477e-8c88-a74f587ca261
22f701f2-2691-4c85-871b-c84f452d573a,55e564ed-4c2d-477e-8c88-a74f587ca261
742a7102-2e8d-4bd5-b2f2-15a0ddda4b1d,55e564ed-4c2d-477e-8c88-a74f587ca261
0b6acfa9-a657-4a9e-a7c5-47ec9bea6958,55e564ed-4c2d-477e-8c88-a74f587ca261
72a032c2-449d-4dcc-ad67-745f2f0e8702,55e564ed-4c2d-477e-8c88-a74f587ca261
973ef202-4831-4d52-911d-b3bc7d691c48,55e564ed-4c2d-477e-8c88-a74f587ca261
a0187414-b115-4109-a5d3-5988ea97e340,55e564ed-4c2d-477e-8c88-a74f587ca261
6d30c907-82c7-45a7-a56b-4f091f6aa7e9,55e564ed-4c2d-477e-8c88-a74f587ca261
1add487d-d6ab-43dc-8d84-bf76cfcfcfb9,55e564ed-4c2d-477e-8c88-a74f587ca261
246ee50b-2b04-48c4-87f4-9e6f24c0c389,55e564ed-4c2d-477e-8c88-a74f587ca261
4bbd6975-366d-48d0-bcb2-adc0df24c9a8,5e252375-955f-4354-b73e-6c302dd5c9bf
87e918b1-86d5-4f48-8550-86b4e5ac3cb9,5e252375-955f-4354-b73e-6c302dd5c9bf
e4e0b1ad-8623-42f6-801f-9da5dcc477b2,5e252375-955f-4354-b73e-6c302dd5c9bf
cbd4fd1b-10d5-45be-b33a-229a4a29f632,5e252375-955f-4354-b73e-6c302dd5c9bf
5adb38ae-41fc-420a-b555-f446669401c8,04b68366-c081-42cf-8d6a-1dd4bc780b80
920ee492-02a7-48ad-b5e4-3f8b76071e78,04b68366-c081-42cf-8d6a-1dd4bc780b80
02d3876c-8ba0-4a7e-b749-be5fa1897169,04b68366-c081-42cf-8d6a-1dd4bc780b80
50a78f57-d806-4479-9871-d616cf1a5f3d,04b68366-c081-42cf-8d6a-1dd4bc780b80
c1897cfa-41de-4a88-be0c-a5ba965bf839,04b68366-c081-42cf-8d6a-1dd4bc780b80
28015751-dea1-4478-99f1-98d98d721113,04b68366-c081-42cf-8d6a-1dd4bc780b80
f04de33d-64cd-47a7-aab8-a7ba874576ce,90d71689-b16a-4e7a-8e3e-bb4b2bbcc0ca
28015751-dea1-4478-99f1-98d98d721113,90d71689-b16a-4e7a-8e3e-bb4b2bbcc0ca
a0c2db0e-f565-4953-969e-ca11493c92d8,90d71689-b16a-4e7a-8e3e-bb4b2bbcc0ca
04290c46-731d-4afb-ba0c-aa5cf5ed2be5,90d71689-b16a-4e7a-8e3e-bb4b2bbcc0ca
0d4673bd-843e-4ef6-91c3-6e46c8b506df,90d71689-b16a-4e7a-8e3e-bb4b2bbcc0ca
e8a83f57-6717-403f-84e9-56ecded817c7,90d71689-b16a-4e7a-8e3e-bb4b2bbcc0ca
7612cca2-e740-4606-a823-a6ae7a699e22,8972c2c7-a29a-4f75-a360-5dc587f5ba9e
a8521022-a926-4e58-95dd-ecc26def8ee8,8972c2c7-a29a-4f75-a360-5dc587f5ba9e
33010f8d-9c11-4150-afc3-60eb99228c74,8972c2c7-a29a-4f75-a360-5dc587f5ba9e
ce2d47bd-e0b6-4833-af53-d2c284145863,8972c2c7-a29a-4f75-a360-5dc587f5ba9e
db31f453-7d0e-41c0-81d1-aac6ed086aa9,8972c2c7-a29a-4f75-a360-5dc587f5ba9e
3017cef9-e9a9-4b9d-a18f-e675a7ca88b0,8972c2c7-a29a-4f75-a360-5dc587f5ba9e
cef01eb5-7abd-4301-9377-57dbf508700c,8972c2c7-a29a-4f75-a360-5dc587f5ba9e
f99acf81-1dc8-44ea-b55d-f26c589c635a,8972c2c7-a29a-4f75-a360-5dc587f5ba9e
97f0c4c2-04df-447b-8a74-0c109d8e467f,8972c2c7-a29a-4f75-a360-5dc587f5ba9e
e0b5cd04-9573-4c02-83dd-2ad1df8c68ac,8972c2c7-a29a-4f75-a360-5dc587f5ba9e
b521ea24-d66f-4e27-a124-4fc199a28b45,8972c2c7-a29a-4f75-a360-5dc587f5ba9e
77871f33-4165-4b8a-829c-f20a61a9a9bc,8972c2c7-a29a-4f75-a360-5dc587f5ba9e
920ee492-02a7-48ad-b5e4-3f8b76071e78,8972c2c7-a29a-4f75-a360-5dc587f5ba9e
1f9fc7ec-5861-4133-bc65-8ae5f73542c2,8972c2c7-a29a-4f75-a360-5dc587f5ba9e
02d3876c-8ba0-4a7e-b749-be5fa1897169,8972c2c7-a29a-4f75-a360-5dc587f5ba9e
ad7aa449-6be7-494b-8c85-5a31f170d8cf,8972c2c7-a29a-4f75-a360-5dc587f5ba9e
ac75b839-5c59-47f5-a75d-313b87c61925,8972c2c7-a29a-4f75-a360-5dc587f5ba9e
8590a607-0702-4b60-b4a6-de178effbe6d,8972c2c7-a29a-4f75-a360-5dc587f5ba9e
e125ea06-f0d7-4f7b-85a4-9232ad5e1d94,8972c2c7-a29a-4f75-a360-5dc587f5ba9e
09cdc768-8215-4518-8789-0c0d065a937d,8972c2c7-a29a-4f75-a360-5dc587f5ba9e
51db3028-6637-42ec-bf24-f249b12a2b40,8972c2c7-a29a-4f75-a360-5dc587f5ba9e
28b43d56-36c5-4a26-9e02-261e6bd5876a,8972c2c7-a29a-4f75-a360-5dc587f5ba9e
f4a95cc5-a812-468a-8d61-c999405677be,8972c2c7-a29a-4f75-a360-5dc587f5ba9e
c1897cfa-41de-4a88-be0c-a5ba965bf839,8972c2c7-a29a-4f75-a360-5dc587f5ba9e
c6c96262-9695-4e29-9e39-8870b5c6d373,8972c2c7-a29a-4f75-a360-5dc587f5ba9e
4d7a7eee-5da7-4d4e-9dc2-d8dca18da46b,8972c2c7-a29a-4f75-a360-5dc587f5ba9e
263a1e51-326b-45f7-91b4-298acbaa6291,8972c2c7-a29a-4f75-a360-5dc587f5ba9e
85d16e88-7f39-4b9d-8b25-2ae2990a60fe,8972c2c7-a29a-4f75-a360-5dc587f5ba9e
54a64fdf-6d5b-4c0b-b51b-b23407df8652,8972c2c7-a29a-4f75-a360-5dc587f5ba9e
b11ae496-02aa-42a9-b9d8-09f47eda2dea,8972c2c7-a29a-4f75-a360-5dc587f5ba9e
36c8f4fb-612c-41e7-9565-3b47009f77e7,8972c2c7-a29a-4f75-a360-5dc587f5ba9e
7bef3917-91d7-4277-bdbf-01b4526c19fb,c0855271-bb04-4202-b65c-0865a458f0af
8590a607-0702-4b60-b4a6-de178effbe6d,c0855271-bb04-4202-b65c-0865a458f0af
8858af5d-0a2a-4555-a3af-d00d5fbec417,c0855271-bb04-4202-b65c-0865a458f0af
e198779f-f006-4840-ab8a-8fe4d87c1a43,c0855271-bb04-4202-b65c-0865a458f0af
69050858-d502-4dc1-90cc-4b99a9937566,c0855271-bb04-4202-b65c-0865a458f0af
b869c676-a78c-4cfa-af42-bc17af1ef741,c0855271-bb04-4202-b65c-0865a458f0af
5e208f97-0faf-4965-9ff0-a301a492473e,c0855271-bb04-4202-b65c-0865a458f0af
16239a1e-a119-4f7b-9fdb-ee9d1178d779,c0855271-bb04-4202-b65c-0865a458f0af
7fda53b6-048b-4712-b7e7-823dc41867a6,c0855271-bb04-4202-b65c-0865a458f0af
db45aa16-0da8-4c30-a6d6-d2ffe8f8719c,c0855271-bb04-4202-b65c-0865a458f0af
90b5dc02-8256-40a5-bb89-8fd303648011,c0855271-bb04-4202-b65c-0865a458f0af
22cb1883-a5d6-470f-91b0-73008fa18fe1,c0855271-bb04-4202-b65c-0865a458f0af
078a997a-d949-4d97-b99d-02c124ca69e1,553c0960-5ffb-4aa7-b2b6-c934f4766d61
4c01ef65-d314-45d2-ab2d-e7c3bae26dc4,553c0960-5ffb-4aa7-b2b6-c934f4766d61
4ff3236b-baee-4e69-a521-b8ef9a9610a9,553c0960-5ffb-4aa7-b2b6-c934f4766d61
f7fafb58-6fdb-4948-9baa-a09283efd7e0,553c0960-5ffb-4aa7-b2b6-c934f4766d61
58bb9a56-41c0-4895-83c2-0a098a7e244a,553c0960-5ffb-4aa7-b2b6-c934f4766d61
cf2b03a3-d071-4a89-82ca-94e31ea1f151,553c0960-5ffb-4aa7-b2b6-c934f4766d61
482cf9d9-4c6b-4af2-a3b3-8fb8b8d5f39f,553c0960-5ffb-4aa7-b2b6-c934f4766d61
9b575571-f40b-49a2-b0e1-fd15b67fb4a7,f0f57221-bf65-49e9-be0a-4158b97d6e36
7f5e7f98-4e1f-49a8-865d-c7ac0aca3691,f0f57221-bf65-49e9-be0a-4158b97d6e36
2d8cf7c2-970c-4d0f-9806-4fcce5c3b282,f0f57221-bf65-49e9-be0a-4158b97d6e36
8d1a67f3-d4da-4cd3-93b1-a27f91c51b44,f0f57221-bf65-49e9-be0a-4158b97d6e36
ac44a4d3-0a79-4379-9dbb-5552528e4f34,f0f57221-bf65-49e9-be0a-4158b97d6e36
ea5a87cd-bfbb-4b9c-8a9b-22baa59fd911,f0f57221-bf65-49e9-be0a-4158b97d6e36
db987e28-aa91-4670-b0fe-189453962159,f0f57221-bf65-49e9-be0a-4158b97d6e36
9b148f20-e98e-4f49-ba31-e952345f1acd,374e61e6-c7dc-4cbd-a2c7-85b9bea82b68
5e6cd684-4d14-430f-a880-47fe6226ef43,374e61e6-c7dc-4cbd-a2c7-85b9bea82b68
9cacdab8-2e9e-4446-a6f6-ff0fe6cfaee7,374e61e6-c7dc-4cbd-a2c7-85b9bea82b68
be28ee6f-7cb3-4c61-8d26-9a49a24214c3,374e61e6-c7dc-4cbd-a2c7-85b9bea82b68
c7da34d0-bc0d-4f10-81db-9d591c236325,374e61e6-c7dc-4cbd-a2c7-85b9bea82b68
5ee4bb0c-e647-48b1-8dca-f173405d0ae8,374e61e6-c7dc-4cbd-a2c7-85b9bea82b68
c2a4c066-c10b-4730-9e6a-e8b6427260d5,374e61e6-c7dc-4cbd-a2c7-85b9bea82b68
ce4e47da-c2e8-4e18-8378-b8db0b0266b9,374e61e6-c7dc-4cbd-a2c7-85b9bea82b68
fd659c02-0ac4-4dce-be1d-750fa9eb48a0,374e61e6-c7dc-4cbd-a2c7-85b9bea82b68
8ce497cb-524a-4b5b-927b-f483f2938cf9,374e61e6-c7dc-4cbd-a2c7-85b9bea82b68
12a8d994-f691-49f2-81ef-20251dce2c11,374e61e6-c7dc-4cbd-a2c7-85b9bea82b68
eed0ec57-e6db-40cf-8f03-69956dc86b15,374e61e6-c7dc-4cbd-a2c7-85b9bea82b68
d4920ff6-62fc-41c0-a0eb-432638dfa949,374e61e6-c7dc-4cbd-a2c7-85b9bea82b68
3169ae0f-d130-45f1-9f41-4af486915cba,374e61e6-c7dc-4cbd-a2c7-85b9bea82b68
af3c94db-e147-4272-b9fd-eca13bf45f23,374e61e6-c7dc-4cbd-a2c7-85b9bea82b68
8f6665e0-f8e6-4b0e-a557-16c11e00f951,374e61e6-c7dc-4cbd-a2c7-85b9bea82b68
2575740c-efa4-4101-a8ea-6732ae18c32c,374e61e6-c7dc-4cbd-a2c7-85b9bea82b68
567ce31c-8848-4974-87e8-ecff9b649371,374e61e6-c7dc-4cbd-a2c7-85b9bea82b68
3a8b1049-7dcb-433e-89b6-a6abf47974c7,374e61e6-c7dc-4cbd-a2c7-85b9bea82b68
f4a95cc5-a812-468a-8d61-c999405677be,374e61e6-c7dc-4cbd-a2c7-85b9bea82b68
77871f33-4165-4b8a-829c-f20a61a9a9bc,374e61e6-c7dc-4cbd-a2c7-85b9bea82b68
51b6a301-e57c-48fb-950b-f37e3f19ecda,374e61e6-c7dc-4cbd-a2c7-85b9bea82b68
bcb5832b-d2f2-4ef3-9f64-11f99a13bde9,374e61e6-c7dc-4cbd-a2c7-85b9bea82b68
02d3876c-8ba0-4a7e-b749-be5fa1897169,374e61e6-c7dc-4cbd-a2c7-85b9bea82b68
b1fa175b-5425-4b12-9a39-e6adff1fd0a9,374e61e6-c7dc-4cbd-a2c7-85b9bea82b68
cef01eb5-7abd-4301-9377-57dbf508700c,374e61e6-c7dc-4cbd-a2c7-85b9bea82b68
263a1e51-326b-45f7-91b4-298acbaa6291,503f58f0-0d06-422c-bfc3-13b6b9c0adba
85d16e88-7f39-4b9d-8b25-2ae2990a60fe,503f58f0-0d06-422c-bfc3-13b6b9c0adba
4d7a7eee-5da7-4d4e-9dc2-d8dca18da46b,503f58f0-0d06-422c-bfc3-13b6b9c0adba
1f9fc7ec-5861-4133-bc65-8ae5f73542c2,503f58f0-0d06-422c-bfc3-13b6b9c0adba
7612cca2-e740-4606-a823-a6ae7a699e22,503f58f0-0d06-422c-bfc3-13b6b9c0adba
920ee492-02a7-48ad-b5e4-3f8b76071e78,503f58f0-0d06-422c-bfc3-13b6b9c0adba
ac75b839-5c59-47f5-a75d-313b87c61925,503f58f0-0d06-422c-bfc3-13b6b9c0adba
54a64fdf-6d5b-4c0b-b51b-b23407df8652,503f58f0-0d06-422c-bfc3-13b6b9c0adba
02d3876c-8ba0-4a7e-b749-be5fa1897169,503f58f0-0d06-422c-bfc3-13b6b9c0adba
aa22ee89-6f76-4583-8ba7-1ee26359d594,503f58f0-0d06-422c-bfc3-13b6b9c0adba
c6c96262-9695-4e29-9e39-8870b5c6d373,503f58f0-0d06-422c-bfc3-13b6b9c0adba
51db3028-6637-42ec-bf24-f249b12a2b40,503f58f0-0d06-422c-bfc3-13b6b9c0adba
c1897cfa-41de-4a88-be0c-a5ba965bf839,503f58f0-0d06-422c-bfc3-13b6b9c0adba
cef01eb5-7abd-4301-9377-57dbf508700c,503f58f0-0d06-422c-bfc3-13b6b9c0adba
272504bd-1c33-4c96-a765-c3cee3e8742a,13574dc5-e8d6-445a-afdb-aa029e0b2ca6
f04de33d-64cd-47a7-aab8-a7ba874576ce,13574dc5-e8d6-445a-afdb-aa029e0b2ca6
d2c30a1e-3a2b-4716-b1e0-4fef8c9bfe1f,13574dc5-e8d6-445a-afdb-aa029e0b2ca6
b7cc14c9-e257-4e96-ab6d-636b2fe4998e,13574dc5-e8d6-445a-afdb-aa029e0b2ca6
423a200d-9ffc-4f74-a748-3be4e771c346,13574dc5-e8d6-445a-afdb-aa029e0b2ca6
e125ea06-f0d7-4f7b-85a4-9232ad5e1d94,13574dc5-e8d6-445a-afdb-aa029e0b2ca6
22472d4c-1da0-4692-afba-736f41306576,13574dc5-e8d6-445a-afdb-aa029e0b2ca6
d80f6cd5-5a6a-489d-b327-c729f310833b,13574dc5-e8d6-445a-afdb-aa029e0b2ca6
8a0544d0-b263-4db9-9662-9d9da38afde0,13574dc5-e8d6-445a-afdb-aa029e0b2ca6
5d53d91b-d2a6-49d4-8889-24c51b0daeec,6f63936f-c320-492e-92ed-1900dd55befd
54a64fdf-6d5b-4c0b-b51b-b23407df8652,1ee97e65-ac6e-44f7-86e9-55ffe81a4d3c
272504bd-1c33-4c96-a765-c3cee3e8742a,f01381f4-4ec3-483d-985d-55446868f576
8ce497cb-524a-4b5b-927b-f483f2938cf9,f01381f4-4ec3-483d-985d-55446868f576
607c0044-40d0-447d-85f6-5022293736d0,f01381f4-4ec3-483d-985d-55446868f576
179a1342-0d06-41ef-aa42-b337b0be0058,f01381f4-4ec3-483d-985d-55446868f576
9483f305-f079-44f0-ad34-3a40811cf59a,f01381f4-4ec3-483d-985d-55446868f576
59a25a26-dd15-44ce-961b-62bc0bcc7d90,f01381f4-4ec3-483d-985d-55446868f576
28015751-dea1-4478-99f1-98d98d721113,004e5775-5d6e-40d9-b0bc-83f0d869e4eb
94b3adf7-4a8b-4e40-811d-e55dca4cf270,004e5775-5d6e-40d9-b0bc-83f0d869e4eb
f04de33d-64cd-47a7-aab8-a7ba874576ce,004e5775-5d6e-40d9-b0bc-83f0d869e4eb
02d3876c-8ba0-4a7e-b749-be5fa1897169,004e5775-5d6e-40d9-b0bc-83f0d869e4eb
50a78f57-d806-4479-9871-d616cf1a5f3d,004e5775-5d6e-40d9-b0bc-83f0d869e4eb
c1897cfa-41de-4a88-be0c-a5ba965bf839,004e5775-5d6e-40d9-b0bc-83f0d869e4eb
b11ae496-02aa-42a9-b9d8-09f47eda2dea,004e5775-5d6e-40d9-b0bc-83f0d869e4eb
920ee492-02a7-48ad-b5e4-3f8b76071e78,004e5775-5d6e-40d9-b0bc-83f0d869e4eb
b5dedccd-6fc6-400b-86c4-db4a726dbb0b,004e5775-5d6e-40d9-b0bc-83f0d869e4eb
c1fdedb9-630b-4c93-8238-aaf764a802eb,004e5775-5d6e-40d9-b0bc-83f0d869e4eb
5adb38ae-41fc-420a-b555-f446669401c8,004e5775-5d6e-40d9-b0bc-83f0d869e4eb
e083d48a-8f43-4259-b464-45da37865e2c,155c139e-b8ec-4df5-ab61-537c92e0e75e
f9e29237-73b0-4bae-a8d8-f18d6e4bca59,155c139e-b8ec-4df5-ab61-537c92e0e75e
021e64e1-efe0-428c-8dc3-e78e2fa53a3d,155c139e-b8ec-4df5-ab61-537c92e0e75e
e2c5ab8a-973e-40d3-909a-073b62d78555,155c139e-b8ec-4df5-ab61-537c92e0e75e
ade7e637-5ae6-4f1e-9d85-55bc05e085dc,155c139e-b8ec-4df5-ab61-537c92e0e75e
4bde7593-f90e-4649-a4a2-0adadec5aff9,155c139e-b8ec-4df5-ab61-537c92e0e75e
57511811-36d4-42fd-8a07-91532a430fc3,155c139e-b8ec-4df5-ab61-537c92e0e75e
ea39f17c-8898-452d-a2b7-905579dcf7db,155c139e-b8ec-4df5-ab61-537c92e0e75e