source,target,type
c52f0d2e-c478-4307-8f71-3f6d751f6b4e,423a200d-9ffc-4f74-a748-3be4e771c346,ALLY
c52f0d2e-c478-4307-8f71-3f6d751f6b4e,5f4e3b38-f4b5-45e5-adcb-03347afbfe49,ALLY
43ebaa36-b8bf-4f84-9e37-c42377489522,5f4e3b38-f4b5-45e5-adcb-03347afbfe49,ALLY
a0a7452d-e210-49e2-a195-1332e0a140a7,2ae21c6e-d551-4746-9ce9-32daada7d32f,ALLY
7612cca2-e740-4606-a823-a6ae7a699e22,1c02ce63-41d9-4e6e-974e-dd2a5fa1183f,ALLY
1b838aa2-c05e-4a85-aaed-b5ffda25cdb5,1c02ce63-41d9-4e6e-974e-dd2a5fa1183f,ALLY
69dde144-9ca7-485e-a825-cf0376c03ee1,1c02ce63-41d9-4e6e-974e-dd2a5fa1183f,ALLY
c485aa0d-c65f-41b3-a4d2-1af3ed217e22,67328fa7-4fc4-477f-bfc9-a556b41c9cbb,ALLY
4d7a7eee-5da7-4d4e-9dc2-d8dca18da46b,67328fa7-4fc4-477f-bfc9-a556b41c9cbb,ALLY
22cb1883-a5d6-470f-91b0-73008fa18fe1,c7b38a53-1981-4782-b8b3-56b3e77d0b3c,ENEMY
941ea176-df1b-4d28-beb3-4af8094ad2de,be64cdfa-69b1-4cf9-812c-74823591731f,ALLY
e8512c52-8f5d-429e-b9d3-80040f2f36df,280a1394-51cc-4491-bc46-41c7bfd00f83,RELATIVE
8216ce1c-0dde-474c-9c1a-57201939078c,280a1394-51cc-4491-bc46-41c7bfd00f83,RELATIVE
0d4673bd-843e-4ef6-91c3-6e46c8b506df,280a1394-51cc-4491-bc46-41c7bfd00f83,RELATIVE
e8a83f57-6717-403f-84e9-56ecded817c7,280a1394-51cc-4491-bc46-41c7bfd00f83,RELATIVE
4d7a7eee-5da7-4d4e-9dc2-d8dca18da46b,280a1394-51cc-4491-bc46-41c7bfd00f83,RELATIVE
a0c2db0e-f565-4953-969e-ca11493c92d8,280a1394-51cc-4491-bc46-41c7bfd00f83,ALLY
a0c2db0e-f565-4953-969e-ca11493c92d8,bb2bd40e-f547-46b7-ab65-2f7f192bfd31,ALLY
1f9fc7ec-5861-4133-bc65-8ae5f73542c2,d633b8ba-982d-4f1b-ae66-8e6641dd591f,ENEMY
281befb6-2fc6-4664-8af7-426fe519bf14,d633b8ba-982d-4f1b-ae66-8e6641dd591f,ALLY
8216ce1c-0dde-474c-9c1a-57201939078c,bc5174b2-13bc-4777-8ca5-cb3e69d83ff6,ALLY
9511b338-9f11-4c78-99b2-ea49a41b15a6,0db63e39-521c-492d-a9cc-e874d0335f34,ALLY
eadd8f5e-399a-4aad-8d6b-02eb641dea64,b869c676-a78c-4cfa-af42-bc17af1ef741,ALLY
eadd8f5e-399a-4aad-8d6b-02eb641dea64,1658c37f-3f02-4feb-8c18-ecd825ebbd85,ALLY
eadd8f5e-399a-4aad-8d6b-02eb641dea64,c0c7d949-1658-4e33-80fb-5b25bdc329b8,ALLY
682f57bc-9422-43db-9406-224cda3735fc,69157309-1072-486c-a00d-4852989fa19f,ALLY
d4817141-b660-4e4b-881f-7db1d7b6951a,307372dd-44d4-4316-8768-e47fc30992fd,ALLY
d4817141-b660-4e4b-881f-7db1d7b6951a,8ba4bbec-18e9-455d-8c13-5aba023ccc36,ALLY
1b838aa2-c05e-4a85-aaed-b5ffda25cdb5,f3099ddb-f5e5-45d5-b227-5eb14c03f298,ALLY
54ef7a3c-cc94-46a3-a575-b90e45ccdc31,262500db-86d4-45a7-9a4a-c4544057ff70,ALLY
36d64e25-fb8b-4307-94c2-7f44b27a24e2,6bbc7be7-bf3c-4529-b80c-d0d0434dc30f,ALLY
f28d4a08-d9a0-4f6c-91c7-cc4acc346cd4,f2235a26-ff19-4d1f-80ce-99ebd67b18eb,ENEMY
36d64e25-fb8b-4307-94c2-7f44b27a24e2,f2235a26-ff19-4d1f-80ce-99ebd67b18eb,ALLY
4d7a7eee-5da7-4d4e-9dc2-d8dca18da46b,d1e13ba3-b3eb-4fb0-a07c-e1c4e0b788f8,ENEMY
48cd33ec-9c69-473d-a1d7-d3b654fd5119,d1e13ba3-b3eb-4fb0-a07c-e1c4e0b788f8,ALLY
cbe82e9f-ab46-4351-b3ed-b83bb9474c45,3c65ff51-d217-4f91-8cd5-4988e7709ced,ALLY
cbe82e9f-ab46-4351-b3ed-b83bb9474c45,2ba70ea4-0c6e-439e-ba82-5fda67a1a6e6,ALLY
cbe82e9f-ab46-4351-b3ed-b83bb9474c45,952db63e-9d8f-480d-b77f-3b92a759d0ea,ALLY
8a0544d0-b263-4db9-9662-9d9da38afde0,18bad09a-e409-40b3-a4cb-a7fcfe88e491,ALLY
cef01eb5-7abd-4301-9377-57dbf508700c,8728da4e-32c6-469b-9469-b3e8233d22d7,ALLY
c1897cfa-41de-4a88-be0c-a5ba965bf839,6b5296f2-8a41-4816-818a-c698a80b3d1c,ALLY
4d7a7eee-5da7-4d4e-9dc2-d8dca18da46b,bd1d9edc-c59d-4ac2-9175-8f2e37888c7f,ALLY
c1897cfa-41de-4a88-be0c-a5ba965bf839,bd1d9edc-c59d-4ac2-9175-8f2e37888c7f,ALLY
1add487d-d6ab-43dc-8d84-bf76cfcfcfb9,48fdcbf7-c928-46ea-9aa2-182b71ecc7ae,ALLY
5c0891e5-c8e2-4a20-90c5-f21ace376001,f1ec7818-22a3-43bd-9292-206027ef0384,ENEMY
7fda53b6-048b-4712-b7e7-823dc41867a6,f1ec7818-22a3-43bd-9292-206027ef0384,ALLY
5e208f97-0faf-4965-9ff0-a301a492473e,6e75668b-dc28-479e-b6a5-01b6327fbd57,ALLY
5e208f97-0faf-4965-9ff0-a301a492473e,ad6003b1-7e99-4467-a046-f3fc4deab043,ALLY
5e208f97-0faf-4965-9ff0-a301a492473e,e84aa488-32ae-4026-b906-cff81c3e4735,ALLY
6d30c907-82c7-45a7-a56b-4f091f6aa7e9,c3e2755f-e2be-4c7b-bddd-ecc5afbc7a7d,ALLY
4d7a7eee-5da7-4d4e-9dc2-d8dca18da46b,8db480a9-63a0-4e0a-b9bb-5d4dd0ab9f20,ALLY
02d3876c-8ba0-4a7e-b749-be5fa1897169,1af24a18-c1bb-4542-a9b4-b1f537035a98,ALLY
4d7a7eee-5da7-4d4e-9dc2-d8dca18da46b,2470246f-d1e8-4e33-b687-8ef2385bf1e8,ENEMY
263a1e51-326b-45f7-91b4-298acbaa6291,2470246f-d1e8-4e33-b687-8ef2385bf1e8,ALLY
1f9fc7ec-5861-4133-bc65-8ae5f73542c2,a4532c76-9c68-412e-a31c-6d51483354be,ALLY
e8a83f57-6717-403f-84e9-56ecded817c7,05856574-6524-4d1a-b293-77288599c5a1,ALLY
5adb38ae-41fc-420a-b555-f446669401c8,83dae6e1-bda9-4d45-8b37-44997da2ac85,ALLY
5adb38ae-41fc-420a-b555-f446669401c8,7b8635c0-9a4a-4a10-a66d-43c79b4e505b,ALLY
bcb5832b-d2f2-4ef3-9f64-11f99a13bde9,b9b4c676-7fb8-4d55-91b1-718a4194a84e,ALLY
c6c96262-9695-4e29-9e39-8870b5c6d373,fddeeb10-d478-47df-bc7b-c79391bea465,ENEMY
7612cca2-e740-4606-a823-a6ae7a699e22,9b227e05-a8f2-4d0b-b72b-0a40ce391069,ENEMY
7612cca2-e740-4606-a823-a6ae7a699e22,b63127b7-e9e7-4eea-8f11-98b5004b44ba,RELATIVE
7612cca2-e740-4606-a823-a6ae7a699e22,b63127b7-e9e7-4eea-8f11-98b5004b44ba,ENEMY
a0187414-b115-4109-a5d3-5988ea97e340,4b512bbc-6578-4475-9c6d-3a4eea71743e,ENEMY
8a0544d0-b263-4db9-9662-9d9da38afde0,723279c3-17c9-401f-b0af-32895bbe88e1,ENEMY
23df9564-6955-40cb-8779-a7ab01853ae2,7e52ad8f-2603-4935-90c9-8bf6d0012080,ENEMY
51b6a301-e57c-48fb-950b-f37e3f19ecda,de30e2d1-2954-4dd9-9147-f45da5d9a302,ENEMY
85d16e88-7f39-4b9d-8b25-2ae2990a60fe,f76eecdf-7e8e-45de-bb95-f15e60341e89,ENEMY
51db3028-6637-42ec-bf24-f249b12a2b40,8299a75b-d15a-4a38-9fe2-6df3c734f2d2,ENEMY
1add487d-d6ab-43dc-8d84-bf76cfcfcfb9,8299a75b-d15a-4a38-9fe2-6df3c734f2d2,ENEMY
c485aa0d-c65f-41b3-a4d2-1af3ed217e22,8299a75b-d15a-4a38-9fe2-6df3c734f2d2,ENEMY
37c44eeb-b928-48aa-8453-8fba30c4248d,71efaf7e-4232-44dc-a954-d4d54b060f97,ENEMY
b1fa175b-5425-4b12-9a39-e6adff1fd0a9,2d2551b6-51f9-4908-8ff6-b7591796ea34,ENEMY
5adb38ae-41fc-420a-b555-f446669401c8,77c92fef-710b-42f7-8156-21cded5f451d,ENEMY
c1897cfa-41de-4a88-be0c-a5ba965bf839,77c92fef-710b-42f7-8156-21cded5f451d,ENEMY
c1897cfa-41de-4a88-be0c-a5ba965bf839,521045f6-8e86-4bf9-b063-560cb7f95abb,ENEMY
318b6946-121a-4329-988b-18ef416240cd,69fab315-e241-4d1f-8c34-1a1cc8b10561,ENEMY
318b6946-121a-4329-988b-18ef416240cd,3821e139-c631-4340-84ec-bda25aa1a56a,ENEMY
318b6946-121a-4329-988b-18ef416240cd,10eb7192-b4c4-4828-a550-651095f98d0f,ENEMY
1add487d-d6ab-43dc-8d84-bf76cfcfcfb9,baa15650-c9fd-4b96-9409-30f627697aa2,ENEMY
1add487d-d6ab-43dc-8d84-bf76cfcfcfb9,9fe3acd9-6e09-4ca6-8428-b1d5af4f6e3e,ENEMY
246ee50b-2b04-48c4-87f4-9e6f24c0c389,9fe3acd9-6e09-4ca6-8428-b1d5af4f6e3e,ENEMY
1add487d-d6ab-43dc-8d84-bf76cfcfcfb9,8cea3786-3b1f-4e4c-9639-17b8eb8e4d1a,ENEMY
7fda53b6-048b-4712-b7e7-823dc41867a6,d37d9fd1-f151-491d-a6fd-9d30c3177649,ENEMY
1f9fc7ec-5861-4133-bc65-8ae5f73542c2,d37d9fd1-f151-491d-a6fd-9d30c3177649,ENEMY
9511b338-9f11-4c78-99b2-ea49a41b15a6,961e8186-5ba4-44d4-9782-d3663cb2b3b4,ENEMY
f28d4a08-d9a0-4f6c-91c7-cc4acc346cd4,faccaecc-0bd0-4fd7-bf71-cbbfe1abc06e,ENEMY
36d64e25-fb8b-4307-94c2-7f44b27a24e2,9bde2c4f-5d6c-4458-a654-c93bbdb03580,ENEMY
5e208f97-0faf-4965-9ff0-a301a492473e,ddc88ecc-634d-46ba-8bb9-ff894ee8b139,ENEMY
6d30c907-82c7-45a7-a56b-4f091f6aa7e9,340753b7-e1c5-49a5-b6fb-65dc190a7505,ENEMY
4d7a7eee-5da7-4d4e-9dc2-d8dca18da46b,e3de2da4-770e-4d3a-bec8-0d1065c697e4,ENEMY
4d7a7eee-5da7-4d4e-9dc2-d8dca18da46b,db7276b5-35cc-40dc-9e16-a976a61e7737,ENEMY
4d7a7eee-5da7-4d4e-9dc2-d8dca18da46b,8e5fc2ca-c187-4d2d-8819-e2ec5fd2e46a,ENEMY
4d7a7eee-5da7-4d4e-9dc2-d8dca18da46b,726a2f5b-a66e-414d-88d9-7905b5a0bbc6,ENEMY
4d7a7eee-5da7-4d4e-9dc2-d8dca18da46b,30b183d4-f572-4f0f-ac67-e09f939a9481,ENEMY
263a1e51-326b-45f7-91b4-298acbaa6291,9590d8d4-569c-442e-a97f-fb0ef2deab92,ENEMY
263a1e51-326b-45f7-91b4-298acbaa6291,36fc168a-b634-43cf-9d21-83e7c6d583d8,ENEMY
263a1e51-326b-45f7-91b4-298acbaa6291,6be2c590-0285-4c89-8987-7ec2b9110bff,ENEMY
263a1e51-326b-45f7-91b4-298acbaa6291,8f7da653-936f-44e3-a783-5ba316c10a95,ENEMY
1f9fc7ec-5861-4133-bc65-8ae5f73542c2,eab7d5b9-6dbb-4394-8213-4c37b9c26951,ENEMY
ac75b839-5c59-47f5-a75d-313b87c61925,a50156a9-d9a3-40d4-b02e-fb74c3fd5c4e,ENEMY
ac75b839-5c59-47f5-a75d-313b87c61925,15d84ae4-6d24-4a80-92ed-d0a5d40b9555,ENEMY
d96be67a-a455-45c1-bc44-d99af20b8629,15637196-8e81-4a2c-8797-e867090440fc,ENEMY
cbe82e9f-ab46-4351-b3ed-b83bb9474c45,96ade6c7-c17c-429e-af1e-ed149d848475,ENEMY
cbe82e9f-ab46-4351-b3ed-b83bb9474c45,9ad35950-857a-4886-9043-8a27448fbd67,ENEMY
cbe82e9f-ab46-4351-b3ed-b83bb9474c45,baf5f71c-a729-4121-93a6-da63ceedbd1f,ENEMY
cbe82e9f-ab46-4351-b3ed-b83bb9474c45,b8df3050-dda4-4c4a-bec2-4ba4f95038e3,ENEMY
cbe82e9f-ab46-4351-b3ed-b83bb9474c45,acb5756f-1c74-405e-87b3-95132f0542b5,ENEMY
c4fb1921-fe8a-41dc-864b-b81f5b28e25b,05126f67-2b3e-4c80-bbc0-e950bb4a7e92,RELATIVE
43ebaa36-b8bf-4f84-9e37-c42377489522,7b6051ad-f658-4887-af60-aeee6b522053,RELATIVE
02d3876c-8ba0-4a7e-b749-be5fa1897169,55b42a6c-33ca-448e-b647-a7ccc7756a76,RELATIVE
cef01eb5-7abd-4301-9377-57dbf508700c,55b42a6c-33ca-448e-b647-a7ccc7756a76,RELATIVE
5adb38ae-41fc-420a-b555-f446669401c8,7cdea64e-634d-4374-9440-fcd518f23b9d,RELATIVE
50a78f57-d806-4479-9871-d616cf1a5f3d,7cdea64e-634d-4374-9440-fcd518f23b9d,RELATIVE
c1897cfa-41de-4a88-be0c-a5ba965bf839,7cdea64e-634d-4374-9440-fcd518f23b9d,RELATIVE
e8a83f57-6717-403f-84e9-56ecded817c7,b660a646-9564-4dfc-b865-75ab95e226a8,RELATIVE
0d4673bd-843e-4ef6-91c3-6e46c8b506df,b660a646-9564-4dfc-b865-75ab95e226a8,RELATIVE
e8a83f57-6717-403f-84e9-56ecded817c7,a743240b-4e46-4484-9e50-fdca0ae5f991,RELATIVE
0d4673bd-843e-4ef6-91c3-6e46c8b506df,a743240b-4e46-4484-9e50-fdca0ae5f991,RELATIVE
e8a83f57-6717-403f-84e9-56ecded817c7,3f20996a-97d6-4ac1-9cd7-d365904125c3,RELATIVE
0d4673bd-843e-4ef6-91c3-6e46c8b506df,3f20996a-97d6-4ac1-9cd7-d365904125c3,RELATIVE
e8a83f57-6717-403f-84e9-56ecded817c7,00cd92e4-49a5-4b64-914a-fe30027946c0,RELATIVE
0d4673bd-843e-4ef6-91c3-6e46c8b506df,00cd92e4-49a5-4b64-914a-fe30027946c0,RELATIVE
0d4673bd-843e-4ef6-91c3-6e46c8b506df,d0059157-558c-4a37-a7f7-b7eedf8444ac,RELATIVE
e8a83f57-6717-403f-84e9-56ecded817c7,d0059157-558c-4a37-a7f7-b7eedf8444ac,RELATIVE
e8a83f57-6717-403f-84e9-56ecded817c7,1fc10cc2-8cf4-4c61-a6f2-f3417fcc398d,RELATIVE
0d4673bd-843e-4ef6-91c3-6e46c8b506df,1fc10cc2-8cf4-4c61-a6f2-f3417fcc398d,RELATIVE
1f9fc7ec-5861-4133-bc65-8ae5f73542c2,23a09ad8-fc74-4ad8-b1c0-1ddd108be55d,RELATIVE
281befb6-2fc6-4664-8af7-426fe519bf14,23a09ad8-fc74-4ad8-b1c0-1ddd108be55d,RELATIVE
1f9fc7ec-5861-4133-bc65-8ae5f73542c2,9e69139c-1936-40cc-99e0-71ffb244f7b0,RELATIVE
281befb6-2fc6-4664-8af7-426fe519bf14,9e69139c-1936-40cc-99e0-71ffb244f7b0,RELATIVE
1f9fc7ec-5861-4133-bc65-8ae5f73542c2,95382a5e-7dd9-4484-b2a0-7fe35530850a,RELATIVE
281befb6-2fc6-4664-8af7-426fe519bf14,95382a5e-7dd9-4484-b2a0-7fe35530850a,RELATIVE
1f9fc7ec-5861-4133-bc65-8ae5f73542c2,b4b23bd4-85d0-46d4-b739-9faa7f181f27,RELATIVE
281befb6-2fc6-4664-8af7-426fe519bf14,b4b23bd4-85d0-46d4-b739-9faa7f181f27,RELATIVE
1f9fc7ec-5861-4133-bc65-8ae5f73542c2,c04538cb-d2f7-4c80-b38c-e8e84acbecc0,RELATIVE
281befb6-2fc6-4664-8af7-426fe519bf14,c04538cb-d2f7-4c80-b38c-e8e84acbecc0,RELATIVE
7fda53b6-048b-4712-b7e7-823dc41867a6,3e482d2a-927b-403c-b7b1-b6cad7190ca8,RELATIVE
7fda53b6-048b-4712-b7e7-823dc41867a6,8b38f9eb-b62d-41af-9a44-fa81bf206cd6,RELATIVE
db45aa16-0da8-4c30-a6d6-d2ffe8f8719c,8c3b93f4-e136-4071-a276-86acb01e2e9a,RELATIVE
db45aa16-0da8-4c30-a6d6-d2ffe8f8719c,a56a8b1f-97f7-48d7-a25f-f8f0fd198b68,RELATIVE
6d30c907-82c7-45a7-a56b-4f091f6aa7e9,c0f87d93-173b-47ba-8677-1bf927efaeb0,RELATIVE
5c0891e5-c8e2-4a20-90c5-f21ace376001,8cd7015a-61f2-4947-8992-596ab6649b18,RELATIVE
1f9fc7ec-5861-4133-bc65-8ae5f73542c2,d275f7ee-cdbf-4f79-87ea-579fe882805a,RELATIVE
1f9fc7ec-5861-4133-bc65-8ae5f73542c2,8d932b86-9392-41fa-9107-18d4de6055ec,RELATIVE
1f9fc7ec-5861-4133-bc65-8ae5f73542c2,fbe787e7-f310-42a3-a02b-6061a333a575,RELATIVE
ac75b839-5c59-47f5-a75d-313b87c61925,69f54f6e-b2c3-4f98-9731-e4fdd8378323,RELATIVE
d96be67a-a455-45c1-bc44-d99af20b8629,19c1cd75-f89d-4b35-aace-70be71f02744,RELATIVE
7612cca2-e740-4606-a823-a6ae7a699e22,33010f8d-9c11-4150-afc3-60eb99228c74,ALLY
b1fa175b-5425-4b12-9a39-e6adff1fd0a9,33010f8d-9c11-4150-afc3-60eb99228c74,ALLY
51b6a301-e57c-48fb-950b-f37e3f19ecda,33010f8d-9c11-4150-afc3-60eb99228c74,ALLY
682f57bc-9422-43db-9406-224cda3735fc,33010f8d-9c11-4150-afc3-60eb99228c74,ALLY
4d7a7eee-5da7-4d4e-9dc2-d8dca18da46b,33010f8d-9c11-4150-afc3-60eb99228c74,ALLY
84e21ea4-8f4e-404b-8be2-d4742cf14100,33010f8d-9c11-4150-afc3-60eb99228c74,ALLY
1b838aa2-c05e-4a85-aaed-b5ffda25cdb5,33010f8d-9c11-4150-afc3-60eb99228c74,ALLY
51db3028-6637-42ec-bf24-f249b12a2b40,33010f8d-9c11-4150-afc3-60eb99228c74,ALLY
1f9fc7ec-5861-4133-bc65-8ae5f73542c2,33010f8d-9c11-4150-afc3-60eb99228c74,ALLY
54ef7a3c-cc94-46a3-a575-b90e45ccdc31,33010f8d-9c11-4150-afc3-60eb99228c74,ALLY
1add487d-d6ab-43dc-8d84-bf76cfcfcfb9,33010f8d-9c11-4150-afc3-60eb99228c74,ALLY
d4817141-b660-4e4b-881f-7db1d7b6951a,33010f8d-9c11-4150-afc3-60eb99228c74,ENEMY
37c44eeb-b928-48aa-8453-8fba30c4248d,33010f8d-9c11-4150-afc3-60eb99228c74,ENEMY
973ef202-4831-4d52-911d-b3bc7d691c48,33010f8d-9c11-4150-afc3-60eb99228c74,ENEMY
7612cca2-e740-4606-a823-a6ae7a699e22,9a664df4-1f99-4d38-9098-8a63bf322d43,ALLY
51b6a301-e57c-48fb-950b-f37e3f19ecda,9a664df4-1f99-4d38-9098-8a63bf322d43,ALLY
51b6a301-e57c-48fb-950b-f37e3f19ecda,1b7345c8-3534-4dae-86e5-44afeedbdbf7,ALLY
eadd8f5e-399a-4aad-8d6b-02eb641dea64,0f3d523c-204c-438d-ae0e-2379ad264d97,ALLY
b1fa175b-5425-4b12-9a39-e6adff1fd0a9,0f3d523c-204c-438d-ae0e-2379ad264d97,ALLY
f28d4a08-d9a0-4f6c-91c7-cc4acc346cd4,08248e9d-2917-4733-8a58-e903a4415b4e,ENEMY
51b6a301-e57c-48fb-950b-f37e3f19ecda,08248e9d-2917-4733-8a58-e903a4415b4e,ENEMY
4d7a7eee-5da7-4d4e-9dc2-d8dca18da46b,d2c30a1e-3a2b-4716-b1e0-4fef8c9bfe1f,ALLY
1add487d-d6ab-43dc-8d84-bf76cfcfcfb9,d2c30a1e-3a2b-4716-b1e0-4fef8c9bfe1f,ALLY
682f57bc-9422-43db-9406-224cda3735fc,d2c30a1e-3a2b-4716-b1e0-4fef8c9bfe1f,ALLY
54ef7a3c-cc94-46a3-a575-b90e45ccdc31,d2c30a1e-3a2b-4716-b1e0-4fef8c9bfe1f,ALLY
7831b6c7-8184-49d1-b05d-67a741c7f75b,d2c30a1e-3a2b-4716-b1e0-4fef8c9bfe1f,ALLY
263a1e51-326b-45f7-91b4-298acbaa6291,d2c30a1e-3a2b-4716-b1e0-4fef8c9bfe1f,ALLY
c52f0d2e-c478-4307-8f71-3f6d751f6b4e,d2c30a1e-3a2b-4716-b1e0-4fef8c9bfe1f,ALLY
c4fb1921-fe8a-41dc-864b-b81f5b28e25b,d2c30a1e-3a2b-4716-b1e0-4fef8c9bfe1f,ALLY
37c44eeb-b928-48aa-8453-8fba30c4248d,d2c30a1e-3a2b-4716-b1e0-4fef8c9bfe1f,ENEMY
d96be67a-a455-45c1-bc44-d99af20b8629,d2c30a1e-3a2b-4716-b1e0-4fef8c9bfe1f,ENEMY
36d64e25-fb8b-4307-94c2-7f44b27a24e2,d2c30a1e-3a2b-4716-b1e0-4fef8c9bfe1f,ENEMY
6d30c907-82c7-45a7-a56b-4f091f6aa7e9,c7da34d0-bc0d-4f10-81db-9d591c236325,ALLY
246ee50b-2b04-48c4-87f4-9e6f24c0c389,c7da34d0-bc0d-4f10-81db-9d591c236325,ALLY
973ef202-4831-4d52-911d-b3bc7d691c48,10b9e651-7d30-4f96-9a86-ebe6896b466e,ALLY
1add487d-d6ab-43dc-8d84-bf76cfcfcfb9,705d7d9e-ac82-48f0-a825-e2b90dac7da9,ALLY
482cf9d9-4c6b-4af2-a3b3-8fb8b8d5f39f,705d7d9e-ac82-48f0-a825-e2b90dac7da9,ALLY
90b5dc02-8256-40a5-bb89-8fd303648011,705d7d9e-ac82-48f0-a825-e2b90dac7da9,ALLY
e00d3f7f-dd3e-48f3-975d-c0f1ce7ab615,705d7d9e-ac82-48f0-a825-e2b90dac7da9,ENEMY
84e21ea4-8f4e-404b-8be2-d4742cf14100,1add487d-d6ab-43dc-8d84-bf76cfcfcfb9,ALLY
69dde144-9ca7-485e-a825-cf0376c03ee1,1add487d-d6ab-43dc-8d84-bf76cfcfcfb9,ALLY
4331cf46-99e2-4b5d-967d-011d9e80c326,1add487d-d6ab-43dc-8d84-bf76cfcfcfb9,ALLY
54ef7a3c-cc94-46a3-a575-b90e45ccdc31,1add487d-d6ab-43dc-8d84-bf76cfcfcfb9,ALLY
246ee50b-2b04-48c4-87f4-9e6f24c0c389,1add487d-d6ab-43dc-8d84-bf76cfcfcfb9,ALLY
263a1e51-326b-45f7-91b4-298acbaa6291,1add487d-d6ab-43dc-8d84-bf76cfcfcfb9,ALLY
973ef202-4831-4d52-911d-b3bc7d691c48,1add487d-d6ab-43dc-8d84-bf76cfcfcfb9,ALLY
7612cca2-e740-4606-a823-a6ae7a699e22,1add487d-d6ab-43dc-8d84-bf76cfcfcfb9,ALLY
682f57bc-9422-43db-9406-224cda3735fc,1add487d-d6ab-43dc-8d84-bf76cfcfcfb9,ALLY
6d30c907-82c7-45a7-a56b-4f091f6aa7e9,1add487d-d6ab-43dc-8d84-bf76cfcfcfb9,ALLY
f28d4a08-d9a0-4f6c-91c7-cc4acc346cd4,ac75b839-5c59-47f5-a75d-313b87c61925,ALLY
b1fa175b-5425-4b12-9a39-e6adff1fd0a9,ac75b839-5c59-47f5-a75d-313b87c61925,ALLY
51db3028-6637-42ec-bf24-f249b12a2b40,ac75b839-5c59-47f5-a75d-313b87c61925,ALLY
1f9fc7ec-5861-4133-bc65-8ae5f73542c2,ac75b839-5c59-47f5-a75d-313b87c61925,ALLY
54a64fdf-6d5b-4c0b-b51b-b23407df8652,ac75b839-5c59-47f5-a75d-313b87c61925,ALLY
37c44eeb-b928-48aa-8453-8fba30c4248d,ac75b839-5c59-47f5-a75d-313b87c61925,ENEMY
281befb6-2fc6-4664-8af7-426fe519bf14,ac75b839-5c59-47f5-a75d-313b87c61925,ENEMY
5c0891e5-c8e2-4a20-90c5-f21ace376001,ac75b839-5c59-47f5-a75d-313b87c61925,ENEMY
a891aaf5-7aed-4216-aed8-f128c0f182ec,fd659c02-0ac4-4dce-be1d-750fa9eb48a0,ALLY
c52f0d2e-c478-4307-8f71-3f6d751f6b4e,fd659c02-0ac4-4dce-be1d-750fa9eb48a0,ALLY
d4817141-b660-4e4b-881f-7db1d7b6951a,fd659c02-0ac4-4dce-be1d-750fa9eb48a0,ENEMY
c1897cfa-41de-4a88-be0c-a5ba965bf839,8f6665e0-f8e6-4b0e-a557-16c11e00f951,ALLY
a891aaf5-7aed-4216-aed8-f128c0f182ec,8f6665e0-f8e6-4b0e-a557-16c11e00f951,ALLY
36d64e25-fb8b-4307-94c2-7f44b27a24e2,8f6665e0-f8e6-4b0e-a557-16c11e00f951,ENEMY
d4817141-b660-4e4b-881f-7db1d7b6951a,8f6665e0-f8e6-4b0e-a557-16c11e00f951,ENEMY
a0187414-b115-4109-a5d3-5988ea97e340,8a0544d0-b263-4db9-9662-9d9da38afde0,ALLY
6d30c907-82c7-45a7-a56b-4f091f6aa7e9,2aac7abd-eda1-47af-9ec3-828924163a02,ALLY
1add487d-d6ab-43dc-8d84-bf76cfcfcfb9,6d30c907-82c7-45a7-a56b-4f091f6aa7e9,ALLY
1add487d-d6ab-43dc-8d84-bf76cfcfcfb9,54a64fdf-6d5b-4c0b-b51b-b23407df8652,ALLY
682f57bc-9422-43db-9406-224cda3735fc,54a64fdf-6d5b-4c0b-b51b-b23407df8652,ALLY
eadd8f5e-399a-4aad-8d6b-02eb641dea64,54a64fdf-6d5b-4c0b-b51b-b23407df8652,ALLY
51db3028-6637-42ec-bf24-f249b12a2b40,54a64fdf-6d5b-4c0b-b51b-b23407df8652,ALLY
6d30c907-82c7-45a7-a56b-4f091f6aa7e9,54a64fdf-6d5b-4c0b-b51b-b23407df8652,ENEMY
263a1e51-326b-45f7-91b4-298acbaa6291,9cacdab8-2e9e-4446-a6f6-ff0fe6cfaee7,ALLY
36d64e25-fb8b-4307-94c2-7f44b27a24e2,9cacdab8-2e9e-4446-a6f6-ff0fe6cfaee7,ENEMY
54ef7a3c-cc94-46a3-a575-b90e45ccdc31,ce4e47da-c2e8-4e18-8378-b8db0b0266b9,ALLY
bc7fa871-32e3-4e34-920d-94ab78f2d5c8,ce4e47da-c2e8-4e18-8378-b8db0b0266b9,ENEMY
d4817141-b660-4e4b-881f-7db1d7b6951a,ce4e47da-c2e8-4e18-8378-b8db0b0266b9,ENEMY
36d64e25-fb8b-4307-94c2-7f44b27a24e2,ce4e47da-c2e8-4e18-8378-b8db0b0266b9,ENEMY
be024c4c-cef1-44a0-b24c-a0914393901e,ce4e47da-c2e8-4e18-8378-b8db0b0266b9,ENEMY
a0187414-b115-4109-a5d3-5988ea97e340,2de0dd6a-6e62-45fa-99f3-8a3684ffe147,ALLY
a0a7452d-e210-49e2-a195-1332e0a140a7,d95f9cd5-75bf-45c9-b360-7c3181a3a8e7,ENEMY
c1897cfa-41de-4a88-be0c-a5ba965bf839,d95f9cd5-75bf-45c9-b360-7c3181a3a8e7,ENEMY
db45aa16-0da8-4c30-a6d6-d2ffe8f8719c,d95f9cd5-75bf-45c9-b360-7c3181a3a8e7,ENEMY
c1897cfa-41de-4a88-be0c-a5ba965bf839,5ee4bb0c-e647-48b1-8dca-f173405d0ae8,ALLY
db45aa16-0da8-4c30-a6d6-d2ffe8f8719c,5ee4bb0c-e647-48b1-8dca-f173405d0ae8,ALLY
a0187414-b115-4109-a5d3-5988ea97e340,78e2e32a-cd7e-4297-b596-d2bda0e22025,RELATIVE
e8a83f57-6717-403f-84e9-56ecded817c7,682f57bc-9422-43db-9406-224cda3735fc,ALLY
1f9fc7ec-5861-4133-bc65-8ae5f73542c2,cef01eb5-7abd-4301-9377-57dbf508700c,ALLY
51db3028-6637-42ec-bf24-f249b12a2b40,cef01eb5-7abd-4301-9377-57dbf508700c,ALLY
02d3876c-8ba0-4a7e-b749-be5fa1897169,cef01eb5-7abd-4301-9377-57dbf508700c,ALLY
5e208f97-0faf-4965-9ff0-a301a492473e,cef01eb5-7abd-4301-9377-57dbf508700c,ALLY
48cd33ec-9c69-473d-a1d7-d3b654fd5119,cef01eb5-7abd-4301-9377-57dbf508700c,ALLY
281befb6-2fc6-4664-8af7-426fe519bf14,cef01eb5-7abd-4301-9377-57dbf508700c,ENEMY
d4817141-b660-4e4b-881f-7db1d7b6951a,cef01eb5-7abd-4301-9377-57dbf508700c,ENEMY
f28d4a08-d9a0-4f6c-91c7-cc4acc346cd4,cef01eb5-7abd-4301-9377-57dbf508700c,ENEMY
02d3876c-8ba0-4a7e-b749-be5fa1897169,cef01eb5-7abd-4301-9377-57dbf508700c,RELATIVE
d4817141-b660-4e4b-881f-7db1d7b6951a,db31f453-7d0e-41c0-81d1-aac6ed086aa9,ENEMY
c485aa0d-c65f-41b3-a4d2-1af3ed217e22,a8521022-a926-4e58-95dd-ecc26def8ee8,ALLY
c1897cfa-41de-4a88-be0c-a5ba965bf839,a8521022-a926-4e58-95dd-ecc26def8ee8,ALLY
e00d3f7f-dd3e-48f3-975d-c0f1ce7ab615,7edc8835-749b-4838-b81b-d42ea94cd7d0,ENEMY
a0187414-b115-4109-a5d3-5988ea97e340,7edc8835-749b-4838-b81b-d42ea94cd7d0,RELATIVE
1add487d-d6ab-43dc-8d84-bf76cfcfcfb9,246ee50b-2b04-48c4-87f4-9e6f24c0c389,ALLY
6d30c907-82c7-45a7-a56b-4f091f6aa7e9,246ee50b-2b04-48c4-87f4-9e6f24c0c389,ALLY
c6c96262-9695-4e29-9e39-8870b5c6d373,246ee50b-2b04-48c4-87f4-9e6f24c0c389,RELATIVE
1add487d-d6ab-43dc-8d84-bf76cfcfcfb9,2a19068f-cabc-4922-8004-1f1cb2c945a1,ALLY
a0187414-b115-4109-a5d3-5988ea97e340,2a19068f-cabc-4922-8004-1f1cb2c945a1,RELATIVE
ba543e8b-caf4-45d3-a268-82df57db03dd,23df9564-6955-40cb-8779-a7ab01853ae2,ALLY
4d7a7eee-5da7-4d4e-9dc2-d8dca18da46b,23df9564-6955-40cb-8779-a7ab01853ae2,ALLY
c6c96262-9695-4e29-9e39-8870b5c6d373,23df9564-6955-40cb-8779-a7ab01853ae2,ENEMY
eadd8f5e-399a-4aad-8d6b-02eb641dea64,23df9564-6955-40cb-8779-a7ab01853ae2,ENEMY
5adb38ae-41fc-420a-b555-f446669401c8,23df9564-6955-40cb-8779-a7ab01853ae2,ENEMY
c1897cfa-41de-4a88-be0c-a5ba965bf839,23df9564-6955-40cb-8779-a7ab01853ae2,ENEMY
920ee492-02a7-48ad-b5e4-3f8b76071e78,23df9564-6955-40cb-8779-a7ab01853ae2,ENEMY
1f9fc7ec-5861-4133-bc65-8ae5f73542c2,23df9564-6955-40cb-8779-a7ab01853ae2,ENEMY
50a78f57-d806-4479-9871-d616cf1a5f3d,23df9564-6955-40cb-8779-a7ab01853ae2,ENEMY
c52f0d2e-c478-4307-8f71-3f6d751f6b4e,23df9564-6955-40cb-8779-a7ab01853ae2,ENEMY
f28d4a08-d9a0-4f6c-91c7-cc4acc346cd4,23df9564-6955-40cb-8779-a7ab01853ae2,ENEMY
5adb38ae-41fc-420a-b555-f446669401c8,23df9564-6955-40cb-8779-a7ab01853ae2,RELATIVE
23df9564-6955-40cb-8779-a7ab01853ae2,7613b9ae-52d3-40de-8861-81df6d7111ce,ALLY
e8a83f57-6717-403f-84e9-56ecded817c7,7613b9ae-52d3-40de-8861-81df6d7111ce,ALLY
eadd8f5e-399a-4aad-8d6b-02eb641dea64,c6c96262-9695-4e29-9e39-8870b5c6d373,ALLY
246ee50b-2b04-48c4-87f4-9e6f24c0c389,c6c96262-9695-4e29-9e39-8870b5c6d373,ALLY
51b6a301-e57c-48fb-950b-f37e3f19ecda,c6c96262-9695-4e29-9e39-8870b5c6d373,ALLY
d4817141-b660-4e4b-881f-7db1d7b6951a,c6c96262-9695-4e29-9e39-8870b5c6d373,ENEMY
9511b338-9f11-4c78-99b2-ea49a41b15a6,c6c96262-9695-4e29-9e39-8870b5c6d373,ENEMY
941ea176-df1b-4d28-beb3-4af8094ad2de,c6c96262-9695-4e29-9e39-8870b5c6d373,ENEMY
246ee50b-2b04-48c4-87f4-9e6f24c0c389,c6c96262-9695-4e29-9e39-8870b5c6d373,RELATIVE
4d7a7eee-5da7-4d4e-9dc2-d8dca18da46b,f4a95cc5-a812-468a-8d61-c999405677be,ALLY
cbe82e9f-ab46-4351-b3ed-b83bb9474c45,f4a95cc5-a812-468a-8d61-c999405677be,ALLY
ba543e8b-caf4-45d3-a268-82df57db03dd,f4a95cc5-a812-468a-8d61-c999405677be,ENEMY
5e208f97-0faf-4965-9ff0-a301a492473e,90b5dc02-8256-40a5-bb89-8fd303648011,ALLY
7831b6c7-8184-49d1-b05d-67a741c7f75b,c4fb1921-fe8a-41dc-864b-b81f5b28e25b,ALLY
54ef7a3c-cc94-46a3-a575-b90e45ccdc31,c4fb1921-fe8a-41dc-864b-b81f5b28e25b,ENEMY
c4fb1921-fe8a-41dc-864b-b81f5b28e25b,7831b6c7-8184-49d1-b05d-67a741c7f75b,ALLY
54ef7a3c-cc94-46a3-a575-b90e45ccdc31,7831b6c7-8184-49d1-b05d-67a741c7f75b,ENEMY
84e21ea4-8f4e-404b-8be2-d4742cf14100,c2a4c066-c10b-4730-9e6a-e8b6427260d5,ALLY
69dde144-9ca7-485e-a825-cf0376c03ee1,c2a4c066-c10b-4730-9e6a-e8b6427260d5,ALLY
7612cca2-e740-4606-a823-a6ae7a699e22,c2a4c066-c10b-4730-9e6a-e8b6427260d5,ALLY
54ef7a3c-cc94-46a3-a575-b90e45ccdc31,c2a4c066-c10b-4730-9e6a-e8b6427260d5,ENEMY
36d64e25-fb8b-4307-94c2-7f44b27a24e2,c2a4c066-c10b-4730-9e6a-e8b6427260d5,ENEMY
51db3028-6637-42ec-bf24-f249b12a2b40,1f9fc7ec-5861-4133-bc65-8ae5f73542c2,ALLY
a0a7452d-e210-49e2-a195-1332e0a140a7,1f9fc7ec-5861-4133-bc65-8ae5f73542c2,ENEMY
281befb6-2fc6-4664-8af7-426fe519bf14,1f9fc7ec-5861-4133-bc65-8ae5f73542c2,ENEMY
48cd33ec-9c69-473d-a1d7-d3b654fd5119,1f9fc7ec-5861-4133-bc65-8ae5f73542c2,ENEMY
281befb6-2fc6-4664-8af7-426fe519bf14,1f9fc7ec-5861-4133-bc65-8ae5f73542c2,RELATIVE
1add487d-d6ab-43dc-8d84-bf76cfcfcfb9,74128e40-1bc8-44ab-ac6b-1e12cd431a2e,ALLY
1add487d-d6ab-43dc-8d84-bf76cfcfcfb9,74128e40-1bc8-44ab-ac6b-1e12cd431a2e,RELATIVE
16239a1e-a119-4f7b-9fdb-ee9d1178d779,7fda53b6-048b-4712-b7e7-823dc41867a6,ALLY
48cd33ec-9c69-473d-a1d7-d3b654fd5119,281befb6-2fc6-4664-8af7-426fe519bf14,ALLY
eadd8f5e-399a-4aad-8d6b-02eb641dea64,281befb6-2fc6-4664-8af7-426fe519bf14,ALLY
682f57bc-9422-43db-9406-224cda3735fc,281befb6-2fc6-4664-8af7-426fe519bf14,ALLY
ba543e8b-caf4-45d3-a268-82df57db03dd,281befb6-2fc6-4664-8af7-426fe519bf14,ALLY
1f9fc7ec-5861-4133-bc65-8ae5f73542c2,281befb6-2fc6-4664-8af7-426fe519bf14,ENEMY
bcb5832b-d2f2-4ef3-9f64-11f99a13bde9,281befb6-2fc6-4664-8af7-426fe519bf14,ENEMY
1f9fc7ec-5861-4133-bc65-8ae5f73542c2,281befb6-2fc6-4664-8af7-426fe519bf14,RELATIVE
04290c46-731d-4afb-ba0c-aa5cf5ed2be5,5c0891e5-c8e2-4a20-90c5-f21ace376001,ENEMY
7fda53b6-048b-4712-b7e7-823dc41867a6,5c0891e5-c8e2-4a20-90c5-f21ace376001,ENEMY
90b5dc02-8256-40a5-bb89-8fd303648011,5c0891e5-c8e2-4a20-90c5-f21ace376001,ENEMY
22cb1883-a5d6-470f-91b0-73008fa18fe1,5c0891e5-c8e2-4a20-90c5-f21ace376001,ENEMY
16239a1e-a119-4f7b-9fdb-ee9d1178d779,5c0891e5-c8e2-4a20-90c5-f21ace376001,ENEMY
db45aa16-0da8-4c30-a6d6-d2ffe8f8719c,5c0891e5-c8e2-4a20-90c5-f21ace376001,ENEMY
43ebaa36-b8bf-4f84-9e37-c42377489522,5c0891e5-c8e2-4a20-90c5-f21ace376001,ENEMY
50a78f57-d806-4479-9871-d616cf1a5f3d,b11ae496-02aa-42a9-b9d8-09f47eda2dea,ALLY
c1897cfa-41de-4a88-be0c-a5ba965bf839,b11ae496-02aa-42a9-b9d8-09f47eda2dea,ALLY
920ee492-02a7-48ad-b5e4-3f8b76071e78,b11ae496-02aa-42a9-b9d8-09f47eda2dea,ALLY
5adb38ae-41fc-420a-b555-f446669401c8,b11ae496-02aa-42a9-b9d8-09f47eda2dea,ALLY
a0c2db0e-f565-4953-969e-ca11493c92d8,b11ae496-02aa-42a9-b9d8-09f47eda2dea,ALLY
c1897cfa-41de-4a88-be0c-a5ba965bf839,b11ae496-02aa-42a9-b9d8-09f47eda2dea,RELATIVE
5adb38ae-41fc-420a-b555-f446669401c8,b11ae496-02aa-42a9-b9d8-09f47eda2dea,RELATIVE
50a78f57-d806-4479-9871-d616cf1a5f3d,b11ae496-02aa-42a9-b9d8-09f47eda2dea,RELATIVE
5adb38ae-41fc-420a-b555-f446669401c8,920ee492-02a7-48ad-b5e4-3f8b76071e78,ALLY
cef01eb5-7abd-4301-9377-57dbf508700c,920ee492-02a7-48ad-b5e4-3f8b76071e78,ALLY
50a78f57-d806-4479-9871-d616cf1a5f3d,920ee492-02a7-48ad-b5e4-3f8b76071e78,ALLY
a0c2db0e-f565-4953-969e-ca11493c92d8,920ee492-02a7-48ad-b5e4-3f8b76071e78,ALLY
4d7a7eee-5da7-4d4e-9dc2-d8dca18da46b,920ee492-02a7-48ad-b5e4-3f8b76071e78,ALLY
c1897cfa-41de-4a88-be0c-a5ba965bf839,920ee492-02a7-48ad-b5e4-3f8b76071e78,ALLY
263a1e51-326b-45f7-91b4-298acbaa6291,920ee492-02a7-48ad-b5e4-3f8b76071e78,ALLY
f28d4a08-d9a0-4f6c-91c7-cc4acc346cd4,4065d1f2-0652-4978-a6d0-17c4c5461f90,ENEMY
c6c96262-9695-4e29-9e39-8870b5c6d373,8216ce1c-0dde-474c-9c1a-57201939078c,ENEMY
1add487d-d6ab-43dc-8d84-bf76cfcfcfb9,8216ce1c-0dde-474c-9c1a-57201939078c,ENEMY
4d7a7eee-5da7-4d4e-9dc2-d8dca18da46b,8216ce1c-0dde-474c-9c1a-57201939078c,ENEMY
4d7a7eee-5da7-4d4e-9dc2-d8dca18da46b,8216ce1c-0dde-474c-9c1a-57201939078c,RELATIVE
c6c96262-9695-4e29-9e39-8870b5c6d373,9511b338-9f11-4c78-99b2-ea49a41b15a6,ALLY
d4817141-b660-4e4b-881f-7db1d7b6951a,51b6a301-e57c-48fb-950b-f37e3f19ecda,ENEMY
c485aa0d-c65f-41b3-a4d2-1af3ed217e22,1091571f-9fcc-4b0c-b756-f87d3b67c591,ALLY
84e21ea4-8f4e-404b-8be2-d4742cf14100,7612cca2-e740-4606-a823-a6ae7a699e22,ALLY
51b6a301-e57c-48fb-950b-f37e3f19ecda,7612cca2-e740-4606-a823-a6ae7a699e22,ALLY
b1fa175b-5425-4b12-9a39-e6adff1fd0a9,7612cca2-e740-4606-a823-a6ae7a699e22,ALLY
1f9fc7ec-5861-4133-bc65-8ae5f73542c2,c485aa0d-c65f-41b3-a4d2-1af3ed217e22,ALLY
51db3028-6637-42ec-bf24-f249b12a2b40,c485aa0d-c65f-41b3-a4d2-1af3ed217e22,ALLY
281befb6-2fc6-4664-8af7-426fe519bf14,c485aa0d-c65f-41b3-a4d2-1af3ed217e22,ENEMY
51db3028-6637-42ec-bf24-f249b12a2b40,c485aa0d-c65f-41b3-a4d2-1af3ed217e22,RELATIVE
8a0544d0-b263-4db9-9662-9d9da38afde0,a0187414-b115-4109-a5d3-5988ea97e340,ALLY
1add487d-d6ab-43dc-8d84-bf76cfcfcfb9,85f1a87c-916c-40e6-9941-9cee35e33ed1,RELATIVE
682f57bc-9422-43db-9406-224cda3735fc,a0c2db0e-f565-4953-969e-ca11493c92d8,ALLY
0d4673bd-843e-4ef6-91c3-6e46c8b506df,a0c2db0e-f565-4953-969e-ca11493c92d8,ALLY
37c44eeb-b928-48aa-8453-8fba30c4248d,a59ea005-2e3a-4dd2-ba63-7ba24b1d2d74,ENEMY
cbe82e9f-ab46-4351-b3ed-b83bb9474c45,79444afc-74d2-4149-8bc7-4608ca46b220,ALLY
c485aa0d-c65f-41b3-a4d2-1af3ed217e22,79444afc-74d2-4149-8bc7-4608ca46b220,ALLY
cef01eb5-7abd-4301-9377-57dbf508700c,79444afc-74d2-4149-8bc7-4608ca46b220,ALLY
c485aa0d-c65f-41b3-a4d2-1af3ed217e22,e0b5cd04-9573-4c02-83dd-2ad1df8c68ac,ALLY
4d7a7eee-5da7-4d4e-9dc2-d8dca18da46b,e0b5cd04-9573-4c02-83dd-2ad1df8c68ac,ALLY
8216ce1c-0dde-474c-9c1a-57201939078c,e0b5cd04-9573-4c02-83dd-2ad1df8c68ac,ALLY
8216ce1c-0dde-474c-9c1a-57201939078c,e0b5cd04-9573-4c02-83dd-2ad1df8c68ac,RELATIVE
e8a83f57-6717-403f-84e9-56ecded817c7,e0b5cd04-9573-4c02-83dd-2ad1df8c68ac,RELATIVE
4d7a7eee-5da7-4d4e-9dc2-d8dca18da46b,e0b5cd04-9573-4c02-83dd-2ad1df8c68ac,RELATIVE
0d4673bd-843e-4ef6-91c3-6e46c8b506df,e0b5cd04-9573-4c02-83dd-2ad1df8c68ac,RELATIVE
8216ce1c-0dde-474c-9c1a-57201939078c,4d7a7eee-5da7-4d4e-9dc2-d8dca18da46b,ALLY
8216ce1c-0dde-474c-9c1a-57201939078c,4d7a7eee-5da7-4d4e-9dc2-d8dca18da46b,RELATIVE
b1fa175b-5425-4b12-9a39-e6adff1fd0a9,b6cbea72-81dd-4fc1-bbe5-ddea43f0c7ef,ENEMY
8a0544d0-b263-4db9-9662-9d9da38afde0,b6cbea72-81dd-4fc1-bbe5-ddea43f0c7ef,ENEMY
69dde144-9ca7-485e-a825-cf0376c03ee1,b6cbea72-81dd-4fc1-bbe5-ddea43f0c7ef,ENEMY
5c0891e5-c8e2-4a20-90c5-f21ace376001,16239a1e-a119-4f7b-9fdb-ee9d1178d779,ALLY
7fda53b6-048b-4712-b7e7-823dc41867a6,16239a1e-a119-4f7b-9fdb-ee9d1178d779,ALLY
90b5dc02-8256-40a5-bb89-8fd303648011,16239a1e-a119-4f7b-9fdb-ee9d1178d779,ALLY
281befb6-2fc6-4664-8af7-426fe519bf14,e40ace11-ae6c-40fc-ae42-7c22877903f1,RELATIVE
1f9fc7ec-5861-4133-bc65-8ae5f73542c2,e40ace11-ae6c-40fc-ae42-7c22877903f1,RELATIVE
69dde144-9ca7-485e-a825-cf0376c03ee1,355d744a-8094-4544-a9e0-dcf1d3994a87,ENEMY
54ef7a3c-cc94-46a3-a575-b90e45ccdc31,355d744a-8094-4544-a9e0-dcf1d3994a87,ENEMY
c52f0d2e-c478-4307-8f71-3f6d751f6b4e,355d744a-8094-4544-a9e0-dcf1d3994a87,ENEMY
54ef7a3c-cc94-46a3-a575-b90e45ccdc31,567ce31c-8848-4974-87e8-ecff9b649371,ALLY
cbe82e9f-ab46-4351-b3ed-b83bb9474c45,ba543e8b-caf4-45d3-a268-82df57db03dd,ENEMY
c1897cfa-41de-4a88-be0c-a5ba965bf839,7aaa9927-0115-4684-aaa7-a456f8e42c37,ENEMY
5c0891e5-c8e2-4a20-90c5-f21ace376001,7aaa9927-0115-4684-aaa7-a456f8e42c37,ALLY
4d7a7eee-5da7-4d4e-9dc2-d8dca18da46b,2eefd786-9146-49ce-86b5-01952822ff52,ENEMY
318b6946-121a-4329-988b-18ef416240cd,2eefd786-9146-49ce-86b5-01952822ff52,ENEMY
1f9fc7ec-5861-4133-bc65-8ae5f73542c2,a0a7452d-e210-49e2-a195-1332e0a140a7,ENEMY
a0187414-b115-4109-a5d3-5988ea97e340,514c8ee1-2f9f-43f3-b77f-ee33e45a4274,ENEMY
246ee50b-2b04-48c4-87f4-9e6f24c0c389,c9238bda-687a-4cef-94d4-5c7fbdc4789a,ALLY
6d30c907-82c7-45a7-a56b-4f091f6aa7e9,c9238bda-687a-4cef-94d4-5c7fbdc4789a,ALLY
1add487d-d6ab-43dc-8d84-bf76cfcfcfb9,c9238bda-687a-4cef-94d4-5c7fbdc4789a,ALLY
8216ce1c-0dde-474c-9c1a-57201939078c,c9238bda-687a-4cef-94d4-5c7fbdc4789a,ENEMY
e00d3f7f-dd3e-48f3-975d-c0f1ce7ab615,c9238bda-687a-4cef-94d4-5c7fbdc4789a,ENEMY
cbe82e9f-ab46-4351-b3ed-b83bb9474c45,5e6cd684-4d14-430f-a880-47fe6226ef43,ALLY
ba543e8b-caf4-45d3-a268-82df57db03dd,5e6cd684-4d14-430f-a880-47fe6226ef43,ENEMY
c6c96262-9695-4e29-9e39-8870b5c6d373,941ea176-df1b-4d28-beb3-4af8094ad2de,ENEMY
cbe82e9f-ab46-4351-b3ed-b83bb9474c45,e1178968-bf0b-4477-9cb7-a92bbb13a234,ALLY
1f9fc7ec-5861-4133-bc65-8ae5f73542c2,37c44eeb-b928-48aa-8453-8fba30c4248d,ENEMY
5adb38ae-41fc-420a-b555-f446669401c8,37c44eeb-b928-48aa-8453-8fba30c4248d,ENEMY
bcb5832b-d2f2-4ef3-9f64-11f99a13bde9,37c44eeb-b928-48aa-8453-8fba30c4248d,ENEMY
7fda53b6-048b-4712-b7e7-823dc41867a6,e846ab1b-de81-4c06-9cdf-c452d35ca0d8,RELATIVE
db45aa16-0da8-4c30-a6d6-d2ffe8f8719c,e846ab1b-de81-4c06-9cdf-c452d35ca0d8,ENEMY
c485aa0d-c65f-41b3-a4d2-1af3ed217e22,36c8f4fb-612c-41e7-9565-3b47009f77e7,ALLY
51db3028-6637-42ec-bf24-f249b12a2b40,36c8f4fb-612c-41e7-9565-3b47009f77e7,ALLY
4d7a7eee-5da7-4d4e-9dc2-d8dca18da46b,36c8f4fb-612c-41e7-9565-3b47009f77e7,ALLY
4d7a7eee-5da7-4d4e-9dc2-d8dca18da46b,36c8f4fb-612c-41e7-9565-3b47009f77e7,RELATIVE
8216ce1c-0dde-474c-9c1a-57201939078c,36c8f4fb-612c-41e7-9565-3b47009f77e7,RELATIVE
4d7a7eee-5da7-4d4e-9dc2-d8dca18da46b,8590a607-0702-4b60-b4a6-de178effbe6d,ALLY
48cd33ec-9c69-473d-a1d7-d3b654fd5119,8590a607-0702-4b60-b4a6-de178effbe6d,ALLY
cbe82e9f-ab46-4351-b3ed-b83bb9474c45,be28ee6f-7cb3-4c61-8d26-9a49a24214c3,ALLY
6d30c907-82c7-45a7-a56b-4f091f6aa7e9,be28ee6f-7cb3-4c61-8d26-9a49a24214c3,ENEMY
246ee50b-2b04-48c4-87f4-9e6f24c0c389,e00d3f7f-dd3e-48f3-975d-c0f1ce7ab615,ENEMY
04290c46-731d-4afb-ba0c-aa5cf5ed2be5,0d4673bd-843e-4ef6-91c3-6e46c8b506df,ALLY
84888a4c-38a6-4c15-9ae5-e807934bf0a1,0d4673bd-843e-4ef6-91c3-6e46c8b506df,ALLY
28015751-dea1-4478-99f1-98d98d721113,0d4673bd-843e-4ef6-91c3-6e46c8b506df,RELATIVE
84888a4c-38a6-4c15-9ae5-e807934bf0a1,0d4673bd-843e-4ef6-91c3-6e46c8b506df,RELATIVE
e8a83f57-6717-403f-84e9-56ecded817c7,0d4673bd-843e-4ef6-91c3-6e46c8b506df,RELATIVE
e8512c52-8f5d-429e-b9d3-80040f2f36df,0d4673bd-843e-4ef6-91c3-6e46c8b506df,RELATIVE
04290c46-731d-4afb-ba0c-aa5cf5ed2be5,0d4673bd-843e-4ef6-91c3-6e46c8b506df,RELATIVE
1f9fc7ec-5861-4133-bc65-8ae5f73542c2,e666034e-43ea-4629-b6f4-f77e27c379b0,ALLY
c1897cfa-41de-4a88-be0c-a5ba965bf839,e8512c52-8f5d-429e-b9d3-80040f2f36df,ENEMY
84888a4c-38a6-4c15-9ae5-e807934bf0a1,e8512c52-8f5d-429e-b9d3-80040f2f36df,ENEMY
a0c2db0e-f565-4953-969e-ca11493c92d8,e8512c52-8f5d-429e-b9d3-80040f2f36df,ENEMY
e8a83f57-6717-403f-84e9-56ecded817c7,e8512c52-8f5d-429e-b9d3-80040f2f36df,ENEMY
0d4673bd-843e-4ef6-91c3-6e46c8b506df,e8512c52-8f5d-429e-b9d3-80040f2f36df,ENEMY
04290c46-731d-4afb-ba0c-aa5cf5ed2be5,e8512c52-8f5d-429e-b9d3-80040f2f36df,ENEMY
e8a83f57-6717-403f-84e9-56ecded817c7,e8512c52-8f5d-429e-b9d3-80040f2f36df,RELATIVE
84888a4c-38a6-4c15-9ae5-e807934bf0a1,e8512c52-8f5d-429e-b9d3-80040f2f36df,RELATIVE
04290c46-731d-4afb-ba0c-aa5cf5ed2be5,e8512c52-8f5d-429e-b9d3-80040f2f36df,RELATIVE
0d4673bd-843e-4ef6-91c3-6e46c8b506df,e8512c52-8f5d-429e-b9d3-80040f2f36df,RELATIVE
28015751-dea1-4478-99f1-98d98d721113,e8512c52-8f5d-429e-b9d3-80040f2f36df,RELATIVE
ac75b839-5c59-47f5-a75d-313b87c61925,69450170-f0e0-4d86-8484-268536b32925,ALLY
1b838aa2-c05e-4a85-aaed-b5ffda25cdb5,69450170-f0e0-4d86-8484-268536b32925,ALLY
54a64fdf-6d5b-4c0b-b51b-b23407df8652,69450170-f0e0-4d86-8484-268536b32925,ALLY
54ef7a3c-cc94-46a3-a575-b90e45ccdc31,ecc9af89-d8fb-45d6-afde-2a14784d0f69,ENEMY
28015751-dea1-4478-99f1-98d98d721113,d80f6cd5-5a6a-489d-b327-c729f310833b,ENEMY
5e208f97-0faf-4965-9ff0-a301a492473e,d80f6cd5-5a6a-489d-b327-c729f310833b,ENEMY
90b5dc02-8256-40a5-bb89-8fd303648011,5e208f97-0faf-4965-9ff0-a301a492473e,ALLY
22cb1883-a5d6-470f-91b0-73008fa18fe1,5e208f97-0faf-4965-9ff0-a301a492473e,ALLY
cef01eb5-7abd-4301-9377-57dbf508700c,eb8d74ab-c2b0-4ae8-a395-a172037b9388,ENEMY
c1897cfa-41de-4a88-be0c-a5ba965bf839,02d3876c-8ba0-4a7e-b749-be5fa1897169,ALLY
bcb5832b-d2f2-4ef3-9f64-11f99a13bde9,02d3876c-8ba0-4a7e-b749-be5fa1897169,ALLY
cef01eb5-7abd-4301-9377-57dbf508700c,02d3876c-8ba0-4a7e-b749-be5fa1897169,RELATIVE
36d64e25-fb8b-4307-94c2-7f44b27a24e2,607c0044-40d0-447d-85f6-5022293736d0,ALLY
5e208f97-0faf-4965-9ff0-a301a492473e,841a29b8-ccba-4c57-9d0d-a8a163123859,ENEMY
90b5dc02-8256-40a5-bb89-8fd303648011,841a29b8-ccba-4c57-9d0d-a8a163123859,ENEMY
482cf9d9-4c6b-4af2-a3b3-8fb8b8d5f39f,841a29b8-ccba-4c57-9d0d-a8a163123859,ENEMY
f28d4a08-d9a0-4f6c-91c7-cc4acc346cd4,841a29b8-ccba-4c57-9d0d-a8a163123859,ENEMY
90b5dc02-8256-40a5-bb89-8fd303648011,43ebaa36-b8bf-4f84-9e37-c42377489522,ALLY
5c0891e5-c8e2-4a20-90c5-f21ace376001,43ebaa36-b8bf-4f84-9e37-c42377489522,ENEMY
16239a1e-a119-4f7b-9fdb-ee9d1178d779,48e3455d-c108-46b4-87d2-885426266aa8,ALLY
43ebaa36-b8bf-4f84-9e37-c42377489522,48e3455d-c108-46b4-87d2-885426266aa8,ALLY
a0a7452d-e210-49e2-a195-1332e0a140a7,48e3455d-c108-46b4-87d2-885426266aa8,ENEMY
c1897cfa-41de-4a88-be0c-a5ba965bf839,59714f4a-a72c-40fe-be3b-0d79eb4ae19d,ENEMY
8216ce1c-0dde-474c-9c1a-57201939078c,457d73a9-77c2-4a77-b145-4191643aedfe,RELATIVE
4d7a7eee-5da7-4d4e-9dc2-d8dca18da46b,457d73a9-77c2-4a77-b145-4191643aedfe,RELATIVE
ac75b839-5c59-47f5-a75d-313b87c61925,7f2c9491-876d-4335-9963-d99a1d33b886,ALLY
a0c2db0e-f565-4953-969e-ca11493c92d8,04290c46-731d-4afb-ba0c-aa5cf5ed2be5,ALLY
0d4673bd-843e-4ef6-91c3-6e46c8b506df,04290c46-731d-4afb-ba0c-aa5cf5ed2be5,ALLY
84888a4c-38a6-4c15-9ae5-e807934bf0a1,04290c46-731d-4afb-ba0c-aa5cf5ed2be5,ALLY
c1897cfa-41de-4a88-be0c-a5ba965bf839,04290c46-731d-4afb-ba0c-aa5cf5ed2be5,ALLY
e8512c52-8f5d-429e-b9d3-80040f2f36df,04290c46-731d-4afb-ba0c-aa5cf5ed2be5,RELATIVE
e8a83f57-6717-403f-84e9-56ecded817c7,04290c46-731d-4afb-ba0c-aa5cf5ed2be5,RELATIVE
28015751-dea1-4478-99f1-98d98d721113,04290c46-731d-4afb-ba0c-aa5cf5ed2be5,RELATIVE
0d4673bd-843e-4ef6-91c3-6e46c8b506df,04290c46-731d-4afb-ba0c-aa5cf5ed2be5,RELATIVE
84888a4c-38a6-4c15-9ae5-e807934bf0a1,04290c46-731d-4afb-ba0c-aa5cf5ed2be5,RELATIVE
ac75b839-5c59-47f5-a75d-313b87c61925,50a78f57-d806-4479-9871-d616cf1a5f3d,ALLY
c1897cfa-41de-4a88-be0c-a5ba965bf839,50a78f57-d806-4479-9871-d616cf1a5f3d,ALLY
5adb38ae-41fc-420a-b555-f446669401c8,50a78f57-d806-4479-9871-d616cf1a5f3d,ALLY
920ee492-02a7-48ad-b5e4-3f8b76071e78,50a78f57-d806-4479-9871-d616cf1a5f3d,ALLY
5adb38ae-41fc-420a-b555-f446669401c8,50a78f57-d806-4479-9871-d616cf1a5f3d,RELATIVE
c1897cfa-41de-4a88-be0c-a5ba965bf839,50a78f57-d806-4479-9871-d616cf1a5f3d,RELATIVE
920ee492-02a7-48ad-b5e4-3f8b76071e78,c1897cfa-41de-4a88-be0c-a5ba965bf839,ALLY
5adb38ae-41fc-420a-b555-f446669401c8,c1897cfa-41de-4a88-be0c-a5ba965bf839,ALLY
50a78f57-d806-4479-9871-d616cf1a5f3d,c1897cfa-41de-4a88-be0c-a5ba965bf839,ALLY
5adb38ae-41fc-420a-b555-f446669401c8,c1897cfa-41de-4a88-be0c-a5ba965bf839,RELATIVE
50a78f57-d806-4479-9871-d616cf1a5f3d,c1897cfa-41de-4a88-be0c-a5ba965bf839,RELATIVE
1b838aa2-c05e-4a85-aaed-b5ffda25cdb5,f28d4a08-d9a0-4f6c-91c7-cc4acc346cd4,ALLY
281befb6-2fc6-4664-8af7-426fe519bf14,4a886fcb-14b5-46fc-aeb7-97b9b3a7bf19,ALLY
54a64fdf-6d5b-4c0b-b51b-b23407df8652,4a886fcb-14b5-46fc-aeb7-97b9b3a7bf19,ENEMY
5adb38ae-41fc-420a-b555-f446669401c8,4a886fcb-14b5-46fc-aeb7-97b9b3a7bf19,ENEMY
1f9fc7ec-5861-4133-bc65-8ae5f73542c2,4a886fcb-14b5-46fc-aeb7-97b9b3a7bf19,ENEMY
5adb38ae-41fc-420a-b555-f446669401c8,b5dedccd-6fc6-400b-86c4-db4a726dbb0b,RELATIVE
50a78f57-d806-4479-9871-d616cf1a5f3d,b5dedccd-6fc6-400b-86c4-db4a726dbb0b,RELATIVE
c1897cfa-41de-4a88-be0c-a5ba965bf839,b5dedccd-6fc6-400b-86c4-db4a726dbb0b,RELATIVE
50a78f57-d806-4479-9871-d616cf1a5f3d,5adb38ae-41fc-420a-b555-f446669401c8,RELATIVE
c1897cfa-41de-4a88-be0c-a5ba965bf839,5adb38ae-41fc-420a-b555-f446669401c8,RELATIVE
1f9fc7ec-5861-4133-bc65-8ae5f73542c2,9153ead5-bfb9-476c-95b1-db110bbdb336,ALLY
4d7a7eee-5da7-4d4e-9dc2-d8dca18da46b,3d4e82c8-a5c9-4b91-8088-09d42827dec2,ENEMY
e00d3f7f-dd3e-48f3-975d-c0f1ce7ab615,9b575571-f40b-49a2-b0e1-fd15b67fb4a7,ALLY
6d30c907-82c7-45a7-a56b-4f091f6aa7e9,1a88136e-5791-4d05-9ce2-30569cf9cb86,ALLY
1add487d-d6ab-43dc-8d84-bf76cfcfcfb9,1a88136e-5791-4d05-9ce2-30569cf9cb86,ALLY
1add487d-d6ab-43dc-8d84-bf76cfcfcfb9,1a88136e-5791-4d05-9ce2-30569cf9cb86,ENEMY
6d30c907-82c7-45a7-a56b-4f091f6aa7e9,1a88136e-5791-4d05-9ce2-30569cf9cb86,RELATIVE
d96be67a-a455-45c1-bc44-d99af20b8629,25940fea-c7cb-4fe2-83c8-6df2dd8dc881,ALLY
54ef7a3c-cc94-46a3-a575-b90e45ccdc31,25940fea-c7cb-4fe2-83c8-6df2dd8dc881,ENEMY
263a1e51-326b-45f7-91b4-298acbaa6291,25940fea-c7cb-4fe2-83c8-6df2dd8dc881,ENEMY
4d7a7eee-5da7-4d4e-9dc2-d8dca18da46b,b1fa175b-5425-4b12-9a39-e6adff1fd0a9,ALLY
7612cca2-e740-4606-a823-a6ae7a699e22,b1fa175b-5425-4b12-9a39-e6adff1fd0a9,ALLY
36d64e25-fb8b-4307-94c2-7f44b27a24e2,b1fa175b-5425-4b12-9a39-e6adff1fd0a9,ENEMY
4d7a7eee-5da7-4d4e-9dc2-d8dca18da46b,0defe21f-0289-480a-b227-3ec712d9b080,RELATIVE
8216ce1c-0dde-474c-9c1a-57201939078c,0defe21f-0289-480a-b227-3ec712d9b080,RELATIVE
eadd8f5e-399a-4aad-8d6b-02eb641dea64,0defe21f-0289-480a-b227-3ec712d9b080,ALLY
c485aa0d-c65f-41b3-a4d2-1af3ed217e22,927ac3a8-7139-4735-94c7-31fa5d80b835,ALLY
4331cf46-99e2-4b5d-967d-011d9e80c326,549956db-e4e1-4472-810c-143907fcc3d8,RELATIVE
a891aaf5-7aed-4216-aed8-f128c0f182ec,549956db-e4e1-4472-810c-143907fcc3d8,ENEMY
1add487d-d6ab-43dc-8d84-bf76cfcfcfb9,549956db-e4e1-4472-810c-143907fcc3d8,ENEMY
90b5dc02-8256-40a5-bb89-8fd303648011,22cb1883-a5d6-470f-91b0-73008fa18fe1,ALLY
5e208f97-0faf-4965-9ff0-a301a492473e,22cb1883-a5d6-470f-91b0-73008fa18fe1,ALLY
c485aa0d-c65f-41b3-a4d2-1af3ed217e22,2253bd88-3f20-42f7-8540-cbf3674532da,ALLY
1f9fc7ec-5861-4133-bc65-8ae5f73542c2,2253bd88-3f20-42f7-8540-cbf3674532da,ALLY
cbe82e9f-ab46-4351-b3ed-b83bb9474c45,2253bd88-3f20-42f7-8540-cbf3674532da,ALLY
a0a7452d-e210-49e2-a195-1332e0a140a7,2253bd88-3f20-42f7-8540-cbf3674532da,ENEMY
54ef7a3c-cc94-46a3-a575-b90e45ccdc31,ce2d47bd-e0b6-4833-af53-d2c284145863,ALLY
36d64e25-fb8b-4307-94c2-7f44b27a24e2,ce2d47bd-e0b6-4833-af53-d2c284145863,ENEMY
eadd8f5e-399a-4aad-8d6b-02eb641dea64,4ff3236b-baee-4e69-a521-b8ef9a9610a9,RELATIVE
54ef7a3c-cc94-46a3-a575-b90e45ccdc31,a1047c83-faad-40c0-8361-b75ede304d39,ALLY
1add487d-d6ab-43dc-8d84-bf76cfcfcfb9,ad7aa449-6be7-494b-8c85-5a31f170d8cf,ALLY
85d16e88-7f39-4b9d-8b25-2ae2990a60fe,318b6946-121a-4329-988b-18ef416240cd,ALLY
4331cf46-99e2-4b5d-967d-011d9e80c326,2c6c1f4e-075e-431b-8d5e-47011b5ed7fb,ENEMY
b1fa175b-5425-4b12-9a39-e6adff1fd0a9,09cdc768-8215-4518-8789-0c0d065a937d,ALLY
b1fa175b-5425-4b12-9a39-e6adff1fd0a9,09cdc768-8215-4518-8789-0c0d065a937d,RELATIVE
22cb1883-a5d6-470f-91b0-73008fa18fe1,bf81a714-9a27-41ea-98b1-44fbb1b8a636,ENEMY
84e21ea4-8f4e-404b-8be2-d4742cf14100,69dde144-9ca7-485e-a825-cf0376c03ee1,ENEMY
c4fb1921-fe8a-41dc-864b-b81f5b28e25b,5daff63c-10fb-40b8-9c5e-c4a318637e37,ENEMY
7831b6c7-8184-49d1-b05d-67a741c7f75b,5daff63c-10fb-40b8-9c5e-c4a318637e37,ENEMY
1f9fc7ec-5861-4133-bc65-8ae5f73542c2,4f7a1752-2b71-47e2-b950-de5715431cc9,ENEMY
85d16e88-7f39-4b9d-8b25-2ae2990a60fe,4f7a1752-2b71-47e2-b950-de5715431cc9,ENEMY
281befb6-2fc6-4664-8af7-426fe519bf14,4f7a1752-2b71-47e2-b950-de5715431cc9,ALLY
36d64e25-fb8b-4307-94c2-7f44b27a24e2,4f7a1752-2b71-47e2-b950-de5715431cc9,ALLY
9511b338-9f11-4c78-99b2-ea49a41b15a6,eadb0454-9a63-4242-90d0-aa3180d22701,ENEMY
ba543e8b-caf4-45d3-a268-82df57db03dd,eadb0454-9a63-4242-90d0-aa3180d22701,ENEMY
02d3876c-8ba0-4a7e-b749-be5fa1897169,6023eec0-4c23-4f83-a9f7-4fe180d0cd66,ENEMY
f28d4a08-d9a0-4f6c-91c7-cc4acc346cd4,fba4d2ae-c665-411e-80e3-d2648b8ba590,ENEMY
ac75b839-5c59-47f5-a75d-313b87c61925,fba4d2ae-c665-411e-80e3-d2648b8ba590,ENEMY
f28d4a08-d9a0-4f6c-91c7-cc4acc346cd4,e4e0b1ad-8623-42f6-801f-9da5dcc477b2,ENEMY
1add487d-d6ab-43dc-8d84-bf76cfcfcfb9,e4e0b1ad-8623-42f6-801f-9da5dcc477b2,RELATIVE
c4fb1921-fe8a-41dc-864b-b81f5b28e25b,4d96d115-8079-49e4-8279-592915f19f20,ENEMY
7831b6c7-8184-49d1-b05d-67a741c7f75b,4d96d115-8079-49e4-8279-592915f19f20,ENEMY
b1fa175b-5425-4b12-9a39-e6adff1fd0a9,36e9a5f5-37ef-45eb-b1c7-bd320cf572e1,ALLY
1add487d-d6ab-43dc-8d84-bf76cfcfcfb9,b485472d-bdfb-46df-8f4a-a9cf101a35cc,ENEMY
02d3876c-8ba0-4a7e-b749-be5fa1897169,89b72dd5-8ea3-45f2-8271-0a0ea222ab8d,RELATIVE
cef01eb5-7abd-4301-9377-57dbf508700c,89b72dd5-8ea3-45f2-8271-0a0ea222ab8d,RELATIVE
1b838aa2-c05e-4a85-aaed-b5ffda25cdb5,89b72dd5-8ea3-45f2-8271-0a0ea222ab8d,ENEMY
cef01eb5-7abd-4301-9377-57dbf508700c,89b72dd5-8ea3-45f2-8271-0a0ea222ab8d,ALLY
a0187414-b115-4109-a5d3-5988ea97e340,e787e158-8499-4ca0-8490-a71e54c9c750,RELATIVE
c1897cfa-41de-4a88-be0c-a5ba965bf839,cab2b9ec-2162-4d76-a7cf-6b12249e30e7,ALLY
920ee492-02a7-48ad-b5e4-3f8b76071e78,cab2b9ec-2162-4d76-a7cf-6b12249e30e7,ENEMY
f28d4a08-d9a0-4f6c-91c7-cc4acc346cd4,cab2b9ec-2162-4d76-a7cf-6b12249e30e7,ENEMY
50a78f57-d806-4479-9871-d616cf1a5f3d,cab2b9ec-2162-4d76-a7cf-6b12249e30e7,ENEMY
cef01eb5-7abd-4301-9377-57dbf508700c,0ed38dc6-4836-4d1c-9289-8a0b64e705a5,ENEMY
02d3876c-8ba0-4a7e-b749-be5fa1897169,c9f50852-5adc-42d1-8c37-7681071c8529,ALLY
920ee492-02a7-48ad-b5e4-3f8b76071e78,95138868-b3f5-4074-8bec-511e5e34e3a5,ENEMY
c1897cfa-41de-4a88-be0c-a5ba965bf839,95138868-b3f5-4074-8bec-511e5e34e3a5,ENEMY
50a78f57-d806-4479-9871-d616cf1a5f3d,95138868-b3f5-4074-8bec-511e5e34e3a5,ENEMY
246ee50b-2b04-48c4-87f4-9e6f24c0c389,ad65ade0-282f-4014-9ec0-97157e1e6f46,ENEMY
a0c2db0e-f565-4953-969e-ca11493c92d8,28015751-dea1-4478-99f1-98d98d721113,ALLY
c1897cfa-41de-4a88-be0c-a5ba965bf839,28015751-dea1-4478-99f1-98d98d721113,ALLY
0d4673bd-843e-4ef6-91c3-6e46c8b506df,28015751-dea1-4478-99f1-98d98d721113,ALLY
4d7a7eee-5da7-4d4e-9dc2-d8dca18da46b,28015751-dea1-4478-99f1-98d98d721113,ALLY
0d4673bd-843e-4ef6-91c3-6e46c8b506df,28015751-dea1-4478-99f1-98d98d721113,RELATIVE
4d7a7eee-5da7-4d4e-9dc2-d8dca18da46b,28015751-dea1-4478-99f1-98d98d721113,RELATIVE
84888a4c-38a6-4c15-9ae5-e807934bf0a1,28015751-dea1-4478-99f1-98d98d721113,RELATIVE
e8512c52-8f5d-429e-b9d3-80040f2f36df,28015751-dea1-4478-99f1-98d98d721113,RELATIVE
8216ce1c-0dde-474c-9c1a-57201939078c,28015751-dea1-4478-99f1-98d98d721113,RELATIVE
04290c46-731d-4afb-ba0c-aa5cf5ed2be5,28015751-dea1-4478-99f1-98d98d721113,RELATIVE
e8a83f57-6717-403f-84e9-56ecded817c7,28015751-dea1-4478-99f1-98d98d721113,RELATIVE
682f57bc-9422-43db-9406-224cda3735fc,f04de33d-64cd-47a7-aab8-a7ba874576ce,ALLY
84888a4c-38a6-4c15-9ae5-e807934bf0a1,f04de33d-64cd-47a7-aab8-a7ba874576ce,ALLY
c1897cfa-41de-4a88-be0c-a5ba965bf839,f04de33d-64cd-47a7-aab8-a7ba874576ce,ALLY
a0c2db0e-f565-4953-969e-ca11493c92d8,f04de33d-64cd-47a7-aab8-a7ba874576ce,ALLY
0d4673bd-843e-4ef6-91c3-6e46c8b506df,f04de33d-64cd-47a7-aab8-a7ba874576ce,ALLY
04290c46-731d-4afb-ba0c-aa5cf5ed2be5,f04de33d-64cd-47a7-aab8-a7ba874576ce,ALLY
e8a83f57-6717-403f-84e9-56ecded817c7,f04de33d-64cd-47a7-aab8-a7ba874576ce,RELATIVE
0d4673bd-843e-4ef6-91c3-6e46c8b506df,f04de33d-64cd-47a7-aab8-a7ba874576ce,RELATIVE
04290c46-731d-4afb-ba0c-aa5cf5ed2be5,f04de33d-64cd-47a7-aab8-a7ba874576ce,RELATIVE
e8512c52-8f5d-429e-b9d3-80040f2f36df,f04de33d-64cd-47a7-aab8-a7ba874576ce,RELATIVE
84888a4c-38a6-4c15-9ae5-e807934bf0a1,f04de33d-64cd-47a7-aab8-a7ba874576ce,RELATIVE
28015751-dea1-4478-99f1-98d98d721113,f04de33d-64cd-47a7-aab8-a7ba874576ce,RELATIVE
04290c46-731d-4afb-ba0c-aa5cf5ed2be5,e8a83f57-6717-403f-84e9-56ecded817c7,ALLY
0d4673bd-843e-4ef6-91c3-6e46c8b506df,e8a83f57-6717-403f-84e9-56ecded817c7,ALLY
04290c46-731d-4afb-ba0c-aa5cf5ed2be5,e8a83f57-6717-403f-84e9-56ecded817c7,RELATIVE
e8512c52-8f5d-429e-b9d3-80040f2f36df,e8a83f57-6717-403f-84e9-56ecded817c7,RELATIVE
0d4673bd-843e-4ef6-91c3-6e46c8b506df,e8a83f57-6717-403f-84e9-56ecded817c7,RELATIVE
28015751-dea1-4478-99f1-98d98d721113,e8a83f57-6717-403f-84e9-56ecded817c7,RELATIVE
84888a4c-38a6-4c15-9ae5-e807934bf0a1,e8a83f57-6717-403f-84e9-56ecded817c7,RELATIVE
4d7a7eee-5da7-4d4e-9dc2-d8dca18da46b,97f0c4c2-04df-447b-8a74-0c109d8e467f,ALLY
58bb9a56-41c0-4895-83c2-0a098a7e244a,f7fafb58-6fdb-4948-9baa-a09283efd7e0,ALLY
e8a83f57-6717-403f-84e9-56ecded817c7,f32b8909-9207-4e5b-aa01-7a348e7fe8ac,ALLY
02d3876c-8ba0-4a7e-b749-be5fa1897169,cca968dd-208d-4077-ab14-8282b797be1b,RELATIVE
c485aa0d-c65f-41b3-a4d2-1af3ed217e22,d089f294-a95e-4446-9a88-4abdde5081b8,ALLY
5c0891e5-c8e2-4a20-90c5-f21ace376001,9ab3138b-8f74-4aa9-b1fb-53e4a900c658,ALLY
f28d4a08-d9a0-4f6c-91c7-cc4acc346cd4,e305eaad-3fb8-4fb6-8a0e-cc315812b8a4,ENEMY
c485aa0d-c65f-41b3-a4d2-1af3ed217e22,dd5fbacd-53ad-410d-877a-8126809d022d,ENEMY
d4817141-b660-4e4b-881f-7db1d7b6951a,dd5fbacd-53ad-410d-877a-8126809d022d,ENEMY
0d4673bd-843e-4ef6-91c3-6e46c8b506df,84888a4c-38a6-4c15-9ae5-e807934bf0a1,ALLY
e8a83f57-6717-403f-84e9-56ecded817c7,84888a4c-38a6-4c15-9ae5-e807934bf0a1,RELATIVE
e8512c52-8f5d-429e-b9d3-80040f2f36df,84888a4c-38a6-4c15-9ae5-e807934bf0a1,RELATIVE
0d4673bd-843e-4ef6-91c3-6e46c8b506df,84888a4c-38a6-4c15-9ae5-e807934bf0a1,RELATIVE
8216ce1c-0dde-474c-9c1a-57201939078c,f6fcdd91-c9a1-4ed4-ba95-088440bbbbed,ALLY
8216ce1c-0dde-474c-9c1a-57201939078c,5c4a61d1-e547-422a-86b4-bd445452dbe8,ALLY
4d7a7eee-5da7-4d4e-9dc2-d8dca18da46b,5c4a61d1-e547-422a-86b4-bd445452dbe8,ENEMY
36d64e25-fb8b-4307-94c2-7f44b27a24e2,ee5b8dbd-f06a-49de-a0c0-9756d532a3b9,ENEMY
28015751-dea1-4478-99f1-98d98d721113,c5891e6b-f353-4e9a-8427-28d4d9ef3eb8,ALLY
e8512c52-8f5d-429e-b9d3-80040f2f36df,c5891e6b-f353-4e9a-8427-28d4d9ef3eb8,ALLY
0d4673bd-843e-4ef6-91c3-6e46c8b506df,c5891e6b-f353-4e9a-8427-28d4d9ef3eb8,ENEMY
e8a83f57-6717-403f-84e9-56ecded817c7,c5891e6b-f353-4e9a-8427-28d4d9ef3eb8,RELATIVE
28015751-dea1-4478-99f1-98d98d721113,c5891e6b-f353-4e9a-8427-28d4d9ef3eb8,RELATIVE
0d4673bd-843e-4ef6-91c3-6e46c8b506df,c5891e6b-f353-4e9a-8427-28d4d9ef3eb8,RELATIVE
e8512c52-8f5d-429e-b9d3-80040f2f36df,c5891e6b-f353-4e9a-8427-28d4d9ef3eb8,RELATIVE
1f9fc7ec-5861-4133-bc65-8ae5f73542c2,3e5df28a-027e-4f6e-bcd6-3c03dc177c8e,ENEMY
cbe82e9f-ab46-4351-b3ed-b83bb9474c45,38b37fdb-7eae-4dec-a5e6-f2b6e8a3c2b1,ENEMY
bcb5832b-d2f2-4ef3-9f64-11f99a13bde9,af3c94db-e147-4272-b9fd-eca13bf45f23,ALLY
1add487d-d6ab-43dc-8d84-bf76cfcfcfb9,d6b0736d-3d94-4482-b44d-35da66ee08d4,ALLY
5adb38ae-41fc-420a-b555-f446669401c8,23f24dbd-9cc7-4e27-8db5-0436d91e0357,ENEMY
bcb5832b-d2f2-4ef3-9f64-11f99a13bde9,d4920ff6-62fc-41c0-a0eb-432638dfa949,ALLY
ba543e8b-caf4-45d3-a268-82df57db03dd,aabb4fd4-3e61-4214-8503-b44d420fc99b,RELATIVE
ba543e8b-caf4-45d3-a268-82df57db03dd,aabb4fd4-3e61-4214-8503-b44d420fc99b,ALLY
5c0891e5-c8e2-4a20-90c5-f21ace376001,82131f56-9778-4dea-a2cd-872245babf4e,RELATIVE
eadd8f5e-399a-4aad-8d6b-02eb641dea64,32a2fc37-8c14-4220-ba50-b8144e2744e4,ALLY
7fda53b6-048b-4712-b7e7-823dc41867a6,0addb92c-a068-41a0-a447-c89c3f3323aa,ALLY
920ee492-02a7-48ad-b5e4-3f8b76071e78,0addb92c-a068-41a0-a447-c89c3f3323aa,RELATIVE
4d7a7eee-5da7-4d4e-9dc2-d8dca18da46b,7987ba0b-8d80-45ac-bea8-4bdd0ebba5d3,ENEMY
54a64fdf-6d5b-4c0b-b51b-b23407df8652,59a25a26-dd15-44ce-961b-62bc0bcc7d90,ENEMY
37c44eeb-b928-48aa-8453-8fba30c4248d,59a25a26-dd15-44ce-961b-62bc0bcc7d90,ALLY
51db3028-6637-42ec-bf24-f249b12a2b40,c431aa75-e146-4424-8d82-d2bf4ec90019,ALLY
ac75b839-5c59-47f5-a75d-313b87c61925,c431aa75-e146-4424-8d82-d2bf4ec90019,ALLY
cef01eb5-7abd-4301-9377-57dbf508700c,3ec99504-71f5-4300-bf94-e25748cadbdb,ALLY
c1897cfa-41de-4a88-be0c-a5ba965bf839,15e679d9-23b1-45f0-a6a2-6a5d2b380c42,ENEMY
1add487d-d6ab-43dc-8d84-bf76cfcfcfb9,4bbd6975-366d-48d0-bcb2-adc0df24c9a8,ENEMY
7612cca2-e740-4606-a823-a6ae7a699e22,4bbd6975-366d-48d0-bcb2-adc0df24c9a8,ENEMY
a0187414-b115-4109-a5d3-5988ea97e340,8d4b5284-d94d-4bfd-bcf5-5fcda7b03a40,RELATIVE
a891aaf5-7aed-4216-aed8-f128c0f182ec,8d4b5284-d94d-4bfd-bcf5-5fcda7b03a40,ALLY
51db3028-6637-42ec-bf24-f249b12a2b40,41ab18e8-4ccc-42e7-9834-4b229be0777e,ENEMY
c52f0d2e-c478-4307-8f71-3f6d751f6b4e,bcb5832b-d2f2-4ef3-9f64-11f99a13bde9,ALLY
16239a1e-a119-4f7b-9fdb-ee9d1178d779,a729b29e-5937-4df0-b6a4-5dc4179e9ad5,ENEMY
43ebaa36-b8bf-4f84-9e37-c42377489522,a729b29e-5937-4df0-b6a4-5dc4179e9ad5,ENEMY
37c44eeb-b928-48aa-8453-8fba30c4248d,304daf6f-c07d-4b04-a1f7-2553315db144,ALLY
37c44eeb-b928-48aa-8453-8fba30c4248d,304daf6f-c07d-4b04-a1f7-2553315db144,RELATIVE
e8a83f57-6717-403f-84e9-56ecded817c7,78c17654-7b8d-42c4-ad6a-652f6462f2b9,RELATIVE
0d4673bd-843e-4ef6-91c3-6e46c8b506df,78c17654-7b8d-42c4-ad6a-652f6462f2b9,RELATIVE
eadd8f5e-399a-4aad-8d6b-02eb641dea64,2e73d163-0c6e-4d14-815d-c42ca60b5c9e,ALLY
8216ce1c-0dde-474c-9c1a-57201939078c,da9ef7c6-dd30-4eb8-bd9f-f7a31c4b5584,RELATIVE
4d7a7eee-5da7-4d4e-9dc2-d8dca18da46b,da9ef7c6-dd30-4eb8-bd9f-f7a31c4b5584,RELATIVE
c485aa0d-c65f-41b3-a4d2-1af3ed217e22,271c3f2a-340e-49f8-8519-6532c933c6fa,ALLY
4d7a7eee-5da7-4d4e-9dc2-d8dca18da46b,77871f33-4165-4b8a-829c-f20a61a9a9bc,ALLY
5c0891e5-c8e2-4a20-90c5-f21ace376001,77871f33-4165-4b8a-829c-f20a61a9a9bc,ENEMY
43ebaa36-b8bf-4f84-9e37-c42377489522,77871f33-4165-4b8a-829c-f20a61a9a9bc,RELATIVE
1f9fc7ec-5861-4133-bc65-8ae5f73542c2,7b018aa5-33ab-4f1a-a5ee-7ba2cd626b9b,ENEMY
4d7a7eee-5da7-4d4e-9dc2-d8dca18da46b,7b018aa5-33ab-4f1a-a5ee-7ba2cd626b9b,ENEMY
281befb6-2fc6-4664-8af7-426fe519bf14,7b018aa5-33ab-4f1a-a5ee-7ba2cd626b9b,ALLY
48cd33ec-9c69-473d-a1d7-d3b654fd5119,7b018aa5-33ab-4f1a-a5ee-7ba2cd626b9b,ALLY
ac75b839-5c59-47f5-a75d-313b87c61925,9422264c-50c3-4f85-a6cf-e687d45fe128,ENEMY
a0c2db0e-f565-4953-969e-ca11493c92d8,d95ecf31-bc8b-437d-aae1-dd48160d060f,ENEMY
cef01eb5-7abd-4301-9377-57dbf508700c,9c4e5a4c-8bd7-421f-bcd0-4fe4bc8b26d9,ALLY
5c0891e5-c8e2-4a20-90c5-f21ace376001,d27bf0ea-9492-47c7-a150-c946e5c3d4e1,RELATIVE
5c0891e5-c8e2-4a20-90c5-f21ace376001,d27bf0ea-9492-47c7-a150-c946e5c3d4e1,ENEMY
e8a83f57-6717-403f-84e9-56ecded817c7,db7ff8c3-ba60-4218-8a44-50ce1c61fe78,ALLY
4d7a7eee-5da7-4d4e-9dc2-d8dca18da46b,db7ff8c3-ba60-4218-8a44-50ce1c61fe78,ALLY
5e208f97-0faf-4965-9ff0-a301a492473e,7bef3917-91d7-4277-bdbf-01b4526c19fb,ALLY
5adb38ae-41fc-420a-b555-f446669401c8,6ff87c16-5410-421e-bee4-7981ddaa4a78,ENEMY
c485aa0d-c65f-41b3-a4d2-1af3ed217e22,e6ba329c-99cd-433c-9a4b-7704542c7638,ALLY
482cf9d9-4c6b-4af2-a3b3-8fb8b8d5f39f,d0d1c79a-63d5-40c4-a656-a6dfc49a4750,ENEMY
cbe82e9f-ab46-4351-b3ed-b83bb9474c45,221ff1d2-1c2d-4c0a-8710-e1a91d589f77,ALLY
84e21ea4-8f4e-404b-8be2-d4742cf14100,221ff1d2-1c2d-4c0a-8710-e1a91d589f77,ALLY
281befb6-2fc6-4664-8af7-426fe519bf14,51db3028-6637-42ec-bf24-f249b12a2b40,ENEMY
1f9fc7ec-5861-4133-bc65-8ae5f73542c2,51db3028-6637-42ec-bf24-f249b12a2b40,ALLY
c485aa0d-c65f-41b3-a4d2-1af3ed217e22,51db3028-6637-42ec-bf24-f249b12a2b40,ALLY
a0187414-b115-4109-a5d3-5988ea97e340,7f5f9b27-fe8a-48db-b56d-c6ba6266f62b,RELATIVE
04290c46-731d-4afb-ba0c-aa5cf5ed2be5,7f5f9b27-fe8a-48db-b56d-c6ba6266f62b,ENEMY
84888a4c-38a6-4c15-9ae5-e807934bf0a1,7f5f9b27-fe8a-48db-b56d-c6ba6266f62b,ENEMY
5c0891e5-c8e2-4a20-90c5-f21ace376001,e9e76130-877b-456d-ae76-b95a2f4b145d,RELATIVE
5c0891e5-c8e2-4a20-90c5-f21ace376001,e9e76130-877b-456d-ae76-b95a2f4b145d,ENEMY
5c0891e5-c8e2-4a20-90c5-f21ace376001,e9e76130-877b-456d-ae76-b95a2f4b145d,ALLY
16239a1e-a119-4f7b-9fdb-ee9d1178d779,e027479d-969e-485e-851a-2473cd2c2731,ALLY
5c0891e5-c8e2-4a20-90c5-f21ace376001,c13a7bd2-fa09-4397-83d3-61091b4c9082,ALLY
1f9fc7ec-5861-4133-bc65-8ae5f73542c2,946c290d-1097-4a6d-b611-632ae6f87d2d,ENEMY
c6c96262-9695-4e29-9e39-8870b5c6d373,7a249c78-c08f-4b7b-9c68-0f18e856d159,ENEMY
9511b338-9f11-4c78-99b2-ea49a41b15a6,7a249c78-c08f-4b7b-9c68-0f18e856d159,ALLY
d4817141-b660-4e4b-881f-7db1d7b6951a,7a249c78-c08f-4b7b-9c68-0f18e856d159,ALLY
be024c4c-cef1-44a0-b24c-a0914393901e,d4817141-b660-4e4b-881f-7db1d7b6951a,ALLY
90b5dc02-8256-40a5-bb89-8fd303648011,db45aa16-0da8-4c30-a6d6-d2ffe8f8719c,ALLY
5e208f97-0faf-4965-9ff0-a301a492473e,db45aa16-0da8-4c30-a6d6-d2ffe8f8719c,ALLY
5adb38ae-41fc-420a-b555-f446669401c8,8c6275d6-d80a-4725-85ab-6e9df35118fb,RELATIVE
c1897cfa-41de-4a88-be0c-a5ba965bf839,8c6275d6-d80a-4725-85ab-6e9df35118fb,RELATIVE
c1897cfa-41de-4a88-be0c-a5ba965bf839,916a9f53-38b1-4dcc-a35a-8113dc166227,RELATIVE
5adb38ae-41fc-420a-b555-f446669401c8,916a9f53-38b1-4dcc-a35a-8113dc166227,ALLY
1add487d-d6ab-43dc-8d84-bf76cfcfcfb9,fffdc5c5-01cb-4368-8936-fb3285140b81,RELATIVE
d4817141-b660-4e4b-881f-7db1d7b6951a,eae5390f-94db-475c-8456-b9ee2b644b91,ALLY
a0187414-b115-4109-a5d3-5988ea97e340,2816d878-2b5c-44be-86d7-cf174e0e9643,RELATIVE
6d30c907-82c7-45a7-a56b-4f091f6aa7e9,00cc62ce-d881-44ed-b0d6-7ec0841077b1,RELATIVE
1add487d-d6ab-43dc-8d84-bf76cfcfcfb9,00cc62ce-d881-44ed-b0d6-7ec0841077b1,ALLY
246ee50b-2b04-48c4-87f4-9e6f24c0c389,00cc62ce-d881-44ed-b0d6-7ec0841077b1,ALLY
1f9fc7ec-5861-4133-bc65-8ae5f73542c2,e6e62e06-ef9e-47ac-952b-79a965bac8c8,ENEMY
36d64e25-fb8b-4307-94c2-7f44b27a24e2,e6e62e06-ef9e-47ac-952b-79a965bac8c8,ALLY
58bb9a56-41c0-4895-83c2-0a098a7e244a,cf2b03a3-d071-4a89-82ca-94e31ea1f151,ALLY
482cf9d9-4c6b-4af2-a3b3-8fb8b8d5f39f,cf2b03a3-d071-4a89-82ca-94e31ea1f151,ALLY
84888a4c-38a6-4c15-9ae5-e807934bf0a1,78c2d741-5f95-4224-a8a7-d0cc42382e19,RELATIVE
0d4673bd-843e-4ef6-91c3-6e46c8b506df,78c2d741-5f95-4224-a8a7-d0cc42382e19,RELATIVE
e8a83f57-6717-403f-84e9-56ecded817c7,78c2d741-5f95-4224-a8a7-d0cc42382e19,RELATIVE
5c0891e5-c8e2-4a20-90c5-f21ace376001,f9e29237-73b0-4bae-a8d8-f18d6e4bca59,RELATIVE
1add487d-d6ab-43dc-8d84-bf76cfcfcfb9,90a3acce-50e8-4a5c-984b-85eb58cceccf,ENEMY
c1897cfa-41de-4a88-be0c-a5ba965bf839,b425609c-5ac6-4523-82c2-ba2affb7d456,ENEMY
eadd8f5e-399a-4aad-8d6b-02eb641dea64,b425609c-5ac6-4523-82c2-ba2affb7d456,ALLY
d4817141-b660-4e4b-881f-7db1d7b6951a,9acfeab3-3ef3-4e0f-9a05-e22170abb4f4,ALLY
7831b6c7-8184-49d1-b05d-67a741c7f75b,8af13394-7c30-42dd-8641-6b0820f19517,ENEMY
c4fb1921-fe8a-41dc-864b-b81f5b28e25b,8af13394-7c30-42dd-8641-6b0820f19517,ENEMY
ac75b839-5c59-47f5-a75d-313b87c61925,63492916-8cb6-466f-a302-08633f2d1a9c,ENEMY
1add487d-d6ab-43dc-8d84-bf76cfcfcfb9,8eec5d83-1516-490a-ab57-a5619f05eab4,RELATIVE
bc7fa871-32e3-4e34-920d-94ab78f2d5c8,be024c4c-cef1-44a0-b24c-a0914393901e,ENEMY
d4817141-b660-4e4b-881f-7db1d7b6951a,be024c4c-cef1-44a0-b24c-a0914393901e,ALLY
d4817141-b660-4e4b-881f-7db1d7b6951a,95551258-8e50-49f0-b531-6433bc03a166,ALLY
54ef7a3c-cc94-46a3-a575-b90e45ccdc31,2e844ba1-9786-4ee7-ba32-61d85eccbea0,ALLY
d4817141-b660-4e4b-881f-7db1d7b6951a,ccd40b97-4414-4d7c-b2f0-77b219d06eb5,ALLY
ac75b839-5c59-47f5-a75d-313b87c61925,f8b2b6e2-c153-4230-9af9-3c7d77087665,ENEMY
5c0891e5-c8e2-4a20-90c5-f21ace376001,f4a7c374-6c0c-458d-a2ec-eae5a6789fc1,RELATIVE
5c0891e5-c8e2-4a20-90c5-f21ace376001,f4a7c374-6c0c-458d-a2ec-eae5a6789fc1,ENEMY
1b838aa2-c05e-4a85-aaed-b5ffda25cdb5,5d53d91b-d2a6-49d4-8889-24c51b0daeec,ENEMY
02d3876c-8ba0-4a7e-b749-be5fa1897169,5d53d91b-d2a6-49d4-8889-24c51b0daeec,ENEMY
4d7a7eee-5da7-4d4e-9dc2-d8dca18da46b,c87c0307-2bf1-437a-9900-a7bc7f87fe88,ENEMY
682f57bc-9422-43db-9406-224cda3735fc,1b838aa2-c05e-4a85-aaed-b5ffda25cdb5,ALLY
be024c4c-cef1-44a0-b24c-a0914393901e,ff28c7ef-f142-44ac-9007-c0e828fce62b,ENEMY
a891aaf5-7aed-4216-aed8-f128c0f182ec,ff28c7ef-f142-44ac-9007-c0e828fce62b,ALLY
51b6a301-e57c-48fb-950b-f37e3f19ecda,cbd4fd1b-10d5-45be-b33a-229a4a29f632,ENEMY
1f9fc7ec-5861-4133-bc65-8ae5f73542c2,48cd33ec-9c69-473d-a1d7-d3b654fd5119,ENEMY
281befb6-2fc6-4664-8af7-426fe519bf14,48cd33ec-9c69-473d-a1d7-d3b654fd5119,ALLY
a891aaf5-7aed-4216-aed8-f128c0f182ec,bb56ab78-555d-4df7-a128-45209dfd86e9,ENEMY