hero,event
d2c30a1e-3a2b-4716-b1e0-4fef8c9bfe1f,116
c1897cfa-41de-4a88-be0c-a5ba965bf839,116
7fda53b6-048b-4712-b7e7-823dc41867a6,116
dd07bcde-6f09-44de-b489-c13c7014dbb3,116
9466cc55-e5fc-4e56-b34d-1bf559907639,116
cef01eb5-7abd-4301-9377-57dbf508700c,116
920ee492-02a7-48ad-b5e4-3f8b76071e78,116
246ee50b-2b04-48c4-87f4-9e6f24c0c389,116
ff5c9116-91f3-4a54-8255-607e3010e26e,116
23df9564-6955-40cb-8779-a7ab01853ae2,116
e67ce3b4-78e3-4213-bc04-6f127efe5b80,116
78e2e32a-cd7e-4297-b596-d2bda0e22025,116
a9e1e67a-1e06-480d-8e23-b9398bb55fc5,116
68e8d14e-8384-4f86-9775-337ba9f3cd52,116
e00d3f7f-dd3e-48f3-975d-c0f1ce7ab615,116
1f9fc7ec-5861-4133-bc65-8ae5f73542c2,116
e40ace11-ae6c-40fc-ae42-7c22877903f1,116
f1c6b3a5-e68a-4400-bb8a-a124de67d90a,116
50a78f57-d806-4479-9871-d616cf1a5f3d,116
73e5b9a0-1090-4cda-bc9b-472cf0e0fed3,116
5ee4bb0c-e647-48b1-8dca-f173405d0ae8,116
4d7a7eee-5da7-4d4e-9dc2-d8dca18da46b,116
606fd344-f314-472d-917c-2d482371659b,116
6d30c907-82c7-45a7-a56b-4f091f6aa7e9,116
36c8f4fb-612c-41e7-9565-3b47009f77e7,116
7613b9ae-52d3-40de-8861-81df6d7111ce,116
56186607-48a1-4092-bd4c-eabf77b55af6,116
94b3adf7-4a8b-4e40-811d-e55dca4cf270,116
0addb92c-a068-41a0-a447-c89c3f3323aa,116
7612cca2-e740-4606-a823-a6ae7a699e22,116
fba4d2ae-c665-411e-80e3-d2648b8ba590,116
93aa5788-4a91-4a2e-9fcf-f6d48c1ec960,116
b6868706-3b4b-4e9b-b1ee-451f3ac2e347,116
1256cd4e-7e8d-4567-a6bd-d03a1625cba4,116
97eca41c-73c6-46af-880a-5d03696d7d46,116
221ff1d2-1c2d-4c0a-8710-e1a91d589f77,116
0d4673bd-843e-4ef6-91c3-6e46c8b506df,116
4f7a1752-2b71-47e2-b950-de5715431cc9,116
51b6a301-e57c-48fb-950b-f37e3f19ecda,116
7b018aa5-33ab-4f1a-a5ee-7ba2cd626b9b,116
b11ae496-02aa-42a9-b9d8-09f47eda2dea,116
f9c29a9f-a31c-4cc2-afb5-9b882e14b3d3,116
acff1d92-8a29-4d60-9cff-836336a2a2c9,116
b7c44e48-5325-4ed5-8fd5-1ca4a41dd122,116
48e3455d-c108-46b4-87d2-885426266aa8,116
8590a607-0702-4b60-b4a6-de178effbe6d,116
66149c1d-17ea-41d6-8373-8c7010072597,116
84888a4c-38a6-4c15-9ae5-e807934bf0a1,116
22472d4c-1da0-4692-afba-736f41306576,116
539fb75e-d48d-4f97-9a0e-b90172db0a31,116
33010f8d-9c11-4150-afc3-60eb99228c74,116
d96be67a-a455-45c1-bc44-d99af20b8629,116
02d3876c-8ba0-4a7e-b749-be5fa1897169,116
44cdb05f-3160-491d-b8e5-31e160e55846,116
97f0c4c2-04df-447b-8a74-0c109d8e467f,116
5e6cd684-4d14-430f-a880-47fe6226ef43,116
cab2b9ec-2162-4d76-a7cf-6b12249e30e7,116
ac75b839-5c59-47f5-a75d-313b87c61925,116
01044e53-5a60-4c54-bba0-b8abdd1c9b2a,116
61001820-9393-43f9-b5f7-421f47e23a99,116
2575740c-efa4-4101-a8ea-6732ae18c32c,116
c2a4c066-c10b-4730-9e6a-e8b6427260d5,116
355d744a-8094-4544-a9e0-dcf1d3994a87,116
719c0f02-bf23-4d9f-afd6-87b88320f928,116
3e5df28a-027e-4f6e-bcd6-3c03dc177c8e,116
1add487d-d6ab-43dc-8d84-bf76cfcfcfb9,116
3017cef9-e9a9-4b9d-a18f-e675a7ca88b0,116
9735a8d7-a425-4c8e-87db-e520f93b17a9,116
84500394-7d49-446c-9378-e1272e9c887a,116
31ba2f56-2b29-4eb0-91eb-4d9100294193,116
b5dedccd-6fc6-400b-86c4-db4a726dbb0b,116
304daf6f-c07d-4b04-a1f7-2553315db144,116
54ef7a3c-cc94-46a3-a575-b90e45ccdc31,116
281befb6-2fc6-4664-8af7-426fe519bf14,116
af3c94db-e147-4272-b9fd-eca13bf45f23,116
cbe82e9f-ab46-4351-b3ed-b83bb9474c45,116
acf9837a-38cd-446a-92c2-fa7a4bc85ce8,116
3c774998-ea7a-4958-8e4e-10cd225417fa,116
8216ce1c-0dde-474c-9c1a-57201939078c,116
77073fb8-6786-45c8-9d3a-fdd7e8ae9810,116
841a29b8-ccba-4c57-9d0d-a8a163123859,116
f4a95cc5-a812-468a-8d61-c999405677be,116
490a436e-a9c9-4d61-b2e5-77c7044abb33,116
1f428e0d-b302-44d8-b784-18cd386876ea,116
ddccffba-dd7f-40e9-80ff-cb429db9c7ab,116
22f701f2-2691-4c85-871b-c84f452d573a,116
bf81a714-9a27-41ea-98b1-44fbb1b8a636,116
c7da34d0-bc0d-4f10-81db-9d591c236325,116
39cdc80f-e1b4-415e-91ff-5a650a46dd9f,116
bf380269-2683-42b2-a24d-9c70c44e8e1b,116
1452c4ed-c43a-45ac-bde0-17a6d55f5609,116
f32b8909-9207-4e5b-aa01-7a348e7fe8ac,116
4d3c0726-8e51-4bb4-9313-3666923d622a,116
54a64fdf-6d5b-4c0b-b51b-b23407df8652,227
22f701f2-2691-4c85-871b-c84f452d573a,227
e0b5cd04-9573-4c02-83dd-2ad1df8c68ac,227
6d30c907-82c7-45a7-a56b-4f091f6aa7e9,227
8216ce1c-0dde-474c-9c1a-57201939078c,227
246ee50b-2b04-48c4-87f4-9e6f24c0c389,227
f9c29a9f-a31c-4cc2-afb5-9b882e14b3d3,227
cccc1d0c-0e42-46d0-b7ff-06c51f6680d8,227
fbee4478-796e-42fd-9e94-c4057b3f70b6,227
e00d3f7f-dd3e-48f3-975d-c0f1ce7ab615,227
44cdb05f-3160-491d-b8e5-31e160e55846,227
7b5403a1-7535-4557-9905-a4cf2ed1591f,227
44759fe3-4097-4984-9740-3fddbe72c2d9,227
0137c167-222e-40fe-9d06-fa9569bb6c79,227
df2f5d0a-13dc-4cfe-b742-13d56ddf8edb,227
8d1a67f3-d4da-4cd3-93b1-a27f91c51b44,227
d1459c11-e499-41e4-9a6a-d8c2f813c4e2,227
9ab3138b-8f74-4aa9-b1fb-53e4a900c658,227
f6fcdd91-c9a1-4ed4-ba95-088440bbbbed,227
2cf3b39a-6604-4635-ac07-b2bdd9e77eee,227
c7da34d0-bc0d-4f10-81db-9d591c236325,227
b395ab91-3fa7-4aa8-a3da-f4808c313331,227
028e213a-a709-428a-8779-470b767b7d63,227
97eca41c-73c6-46af-880a-5d03696d7d46,227
2382c12d-c09b-4d80-8cbe-46e1f92d4422,227
bf380269-2683-42b2-a24d-9c70c44e8e1b,227
3a7ce350-2c78-4ef7-8a33-f5580f234421,227
a0187414-b115-4109-a5d3-5988ea97e340,227
10b9e651-7d30-4f96-9a86-ebe6896b466e,227
63e156fa-f67c-405c-8596-be234292023a,227
705d7d9e-ac82-48f0-a825-e2b90dac7da9,227
2d8cf7c2-970c-4d0f-9806-4fcce5c3b282,227
cd080fe3-82cb-455c-8bec-a24a46bad6a9,227
2de0dd6a-6e62-45fa-99f3-8a3684ffe147,227
457d73a9-77c2-4a77-b145-4191643aedfe,227
e787e158-8499-4ca0-8490-a71e54c9c750,227
92e40041-d2c5-4ecb-8f41-42b8e823d483,227
d97e8875-e466-41cb-ba90-746cfbfc6fc5,227
1add487d-d6ab-43dc-8d84-bf76cfcfcfb9,227
5c4a61d1-e547-422a-86b4-bd445452dbe8,227
387e074f-ca8c-490c-8b71-d83e4f17692e,227
c9238bda-687a-4cef-94d4-5c7fbdc4789a,227
42fe922b-68a5-494c-a5d2-ec921dc6cf27,227
617c19af-16ae-44e4-ba0b-4666afbe06cd,227
03def288-0b78-48cd-9a88-7e24378da6da,227
ea5a87cd-bfbb-4b9c-8a9b-22baa59fd911,227
05ac6cf0-39cd-48d9-b045-5c3d12dc3bc4,227
8c4e9ff0-1c5e-4a7d-a923-fb7a2e09e365,227
78e2e32a-cd7e-4297-b596-d2bda0e22025,227
8cb229c0-1eb9-4478-b568-68502421c403,227
4d7a7eee-5da7-4d4e-9dc2-d8dca18da46b,227
2f578efb-11f2-4060-a156-c1cf769eb83c,227
742a7102-2e8d-4bd5-b2f2-15a0ddda4b1d,227
927ce5d2-95a6-4ef0-a9f1-810ad900d2ae,227
39cdc80f-e1b4-415e-91ff-5a650a46dd9f,227
95b35705-ab89-4322-a664-c2802c7d1f83,227
ab0ee5cb-3688-49b4-9af4-a535f3d21643,227
2aac7abd-eda1-47af-9ec3-828924163a02,227
ddccffba-dd7f-40e9-80ff-cb429db9c7ab,227
033e1dce-d8f2-419e-8e99-8b4a249fc0e1,227
a9e1e67a-1e06-480d-8e23-b9398bb55fc5,227
119da8e0-8baa-4341-9d00-95f4de2c0d81,227
9b575571-f40b-49a2-b0e1-fd15b67fb4a7,227
4d3c0726-8e51-4bb4-9313-3666923d622a,227
cb1baa66-cb49-449a-86ef-2ca9aef452a2,227
a15d65a3-5557-468e-afc5-9e8759311804,227
2575740c-efa4-4101-a8ea-6732ae18c32c,227
04ce1b81-c54a-4c94-bd98-009825ded2fe,227
975d9918-b699-4359-872e-94fdf942612b,227
84500394-7d49-446c-9378-e1272e9c887a,227
549956db-e4e1-4472-810c-143907fcc3d8,227
db987e28-aa91-4670-b0fe-189453962159,227
be28ee6f-7cb3-4c61-8d26-9a49a24214c3,227
e305eaad-3fb8-4fb6-8a0e-cc315812b8a4,227
6521cfef-5ebb-4013-9cb0-d1d5075b2a38,227
2a19068f-cabc-4922-8004-1f1cb2c945a1,227
1a88136e-5791-4d05-9ce2-30569cf9cb86,227
e3723de3-10df-47fd-b362-d3221ad27208,227
1d49636e-fcb5-4694-bd4f-3fdfd5c89fa0,227
4331cf46-99e2-4b5d-967d-011d9e80c326,227
d2c30a1e-3a2b-4716-b1e0-4fef8c9bfe1f,314
23df9564-6955-40cb-8779-a7ab01853ae2,314
36c8f4fb-612c-41e7-9565-3b47009f77e7,314
3d4e82c8-a5c9-4b91-8088-09d42827dec2,314
02d3876c-8ba0-4a7e-b749-be5fa1897169,314
43b28c1a-ada6-457e-a30e-d72158fcfba2,314
1add487d-d6ab-43dc-8d84-bf76cfcfcfb9,314
ce4e47da-c2e8-4e18-8378-b8db0b0266b9,314
33010f8d-9c11-4150-afc3-60eb99228c74,314
ce2d47bd-e0b6-4833-af53-d2c284145863,314
841a29b8-ccba-4c57-9d0d-a8a163123859,314
7612cca2-e740-4606-a823-a6ae7a699e22,314
7987ba0b-8d80-45ac-bea8-4bdd0ebba5d3,303
263a1e51-326b-45f7-91b4-298acbaa6291,303
54ef7a3c-cc94-46a3-a575-b90e45ccdc31,303
c1897cfa-41de-4a88-be0c-a5ba965bf839,303
8c4e9ff0-1c5e-4a7d-a923-fb7a2e09e365,303
7613b9ae-52d3-40de-8861-81df6d7111ce,303
97eca41c-73c6-46af-880a-5d03696d7d46,303
10b9e651-7d30-4f96-9a86-ebe6896b466e,303
2de0dd6a-6e62-45fa-99f3-8a3684ffe147,303
22f701f2-2691-4c85-871b-c84f452d573a,303
cacf0cf0-7bea-40f9-8e89-ef86a940b844,303
2575740c-efa4-4101-a8ea-6732ae18c32c,303
318b6946-121a-4329-988b-18ef416240cd,303
1f428e0d-b302-44d8-b784-18cd386876ea,303
2aac7abd-eda1-47af-9ec3-828924163a02,303
78e2e32a-cd7e-4297-b596-d2bda0e22025,303
8af69094-cc3f-4a64-8e15-1bd92993a30e,303
1e641894-87ec-4f9a-b523-ed95e942eee5,303
c9238bda-687a-4cef-94d4-5c7fbdc4789a,303
cef01eb5-7abd-4301-9377-57dbf508700c,303
2d8cf7c2-970c-4d0f-9806-4fcce5c3b282,303
71288e4c-21c5-488b-8073-bc65860d775a,303
1add487d-d6ab-43dc-8d84-bf76cfcfcfb9,303
cab2b9ec-2162-4d76-a7cf-6b12249e30e7,303
df2f5d0a-13dc-4cfe-b742-13d56ddf8edb,303
a431ddb1-fc28-4a34-b964-1c54f6ee691a,303
1a88136e-5791-4d05-9ce2-30569cf9cb86,303
bad5f9a9-c256-47b6-a859-998550c33e3b,303
a0ca771e-1184-4d4c-bfd4-eb6dbfad5a22,303
ea5a87cd-bfbb-4b9c-8a9b-22baa59fd911,303
39cdc80f-e1b4-415e-91ff-5a650a46dd9f,303
d1459c11-e499-41e4-9a6a-d8c2f813c4e2,303
c7da34d0-bc0d-4f10-81db-9d591c236325,303
84500394-7d49-446c-9378-e1272e9c887a,303
2cf3b39a-6604-4635-ac07-b2bdd9e77eee,303
246ee50b-2b04-48c4-87f4-9e6f24c0c389,303
8216ce1c-0dde-474c-9c1a-57201939078c,303
ac75b839-5c59-47f5-a75d-313b87c61925,303
6d30c907-82c7-45a7-a56b-4f091f6aa7e9,303
5c4a61d1-e547-422a-86b4-bd445452dbe8,303
6521cfef-5ebb-4013-9cb0-d1d5075b2a38,303
33010f8d-9c11-4150-afc3-60eb99228c74,303
90b5dc02-8256-40a5-bb89-8fd303648011,229
97f0c4c2-04df-447b-8a74-0c109d8e467f,229
b1eef43f-76ce-48a1-928b-5e4540d15217,229
82131f56-9778-4dea-a2cd-872245babf4e,229
9f31f0d4-875c-4164-9699-8c6c52f81ff7,229
62a11b56-88df-4bbb-8808-301f80d10937,229
d80f6cd5-5a6a-489d-b327-c729f310833b,229
7ef56ee2-a5d1-49a6-b808-1969d86f302b,229
78c2d741-5f95-4224-a8a7-d0cc42382e19,229
022dabb4-a2a9-4174-b1fc-7c8c6eebf283,229
fef62a5c-1f43-487d-98e4-beb0e8891c55,229
77871f33-4165-4b8a-829c-f20a61a9a9bc,229
d95f9cd5-75bf-45c9-b360-7c3181a3a8e7,229
5ee4bb0c-e647-48b1-8dca-f173405d0ae8,229
7aaa9927-0115-4684-aaa7-a456f8e42c37,229
91d48010-4304-4be8-88ef-e365833ce854,229
d493094e-5ca3-4441-bc58-c7339b3f17f2,229
06f7ba7c-28ec-43d9-bfdf-8edb78b59917,229
16239a1e-a119-4f7b-9fdb-ee9d1178d779,229
5cb088c3-a7b5-44e9-89e7-98a366ecae90,229
43ebaa36-b8bf-4f84-9e37-c42377489522,229
c5891e6b-f353-4e9a-8427-28d4d9ef3eb8,229
5afe66de-3c78-4064-9806-01d91fa4faa4,229
a729b29e-5937-4df0-b6a4-5dc4179e9ad5,229
0cdfb504-5a0b-4b94-abdf-862334670641,229
5c0891e5-c8e2-4a20-90c5-f21ace376001,229
48e3455d-c108-46b4-87d2-885426266aa8,229
49bf8526-6885-4a74-bf05-5b6277069039,229
a59a8ff8-5321-4624-ac43-603fc4ee1691,229
b12e333b-c481-4671-8d6c-4ccb79f1ee1b,229
8ecec652-f808-4785-b332-3c9aea2ae0c9,229
2896bc65-171f-49db-a420-57ef63229d3f,229
4be56d2d-f65b-4c8d-a0ce-abe292cf9fac,229
1bed2ede-5e88-4493-898f-6c5a78c0033d,229
16239a1e-a119-4f7b-9fdb-ee9d1178d779,293
d80f6cd5-5a6a-489d-b327-c729f310833b,293
841a29b8-ccba-4c57-9d0d-a8a163123859,293
22cb1883-a5d6-470f-91b0-73008fa18fe1,293
48e3455d-c108-46b4-87d2-885426266aa8,293
7fda53b6-048b-4712-b7e7-823dc41867a6,293
7aaa9927-0115-4684-aaa7-a456f8e42c37,293
c5891e6b-f353-4e9a-8427-28d4d9ef3eb8,293
1452c4ed-c43a-45ac-bde0-17a6d55f5609,293
77871f33-4165-4b8a-829c-f20a61a9a9bc,293
db45aa16-0da8-4c30-a6d6-d2ffe8f8719c,293
719ff49a-3409-46fe-a897-ac7df028ecae,293
e846ab1b-de81-4c06-9cdf-c452d35ca0d8,293
97f0c4c2-04df-447b-8a74-0c109d8e467f,293
63d6005a-8410-4211-8fe5-74bf5769206d,293
90b5dc02-8256-40a5-bb89-8fd303648011,293
5e208f97-0faf-4965-9ff0-a301a492473e,293
ac75b839-5c59-47f5-a75d-313b87c61925,231
9422264c-50c3-4f85-a6cf-e687d45fe128,231
c89f831e-3e90-4fc1-8458-bdfd982b160c,231
43b28c1a-ada6-457e-a30e-d72158fcfba2,231
db7ff8c3-ba60-4218-8a44-50ce1c61fe78,231
8590a607-0702-4b60-b4a6-de178effbe6d,231
f1c6b3a5-e68a-4400-bb8a-a124de67d90a,231
33010f8d-9c11-4150-afc3-60eb99228c74,231
af3a4c80-9c6a-4dbe-a70b-ef7506cc294e,231
c1897cfa-41de-4a88-be0c-a5ba965bf839,233
d2c30a1e-3a2b-4716-b1e0-4fef8c9bfe1f,233
94b3adf7-4a8b-4e40-811d-e55dca4cf270,233
2575740c-efa4-4101-a8ea-6732ae18c32c,233
bf380269-2683-42b2-a24d-9c70c44e8e1b,233
281befb6-2fc6-4664-8af7-426fe519bf14,233
9d2e0263-b416-4201-bbf2-c1cefe319d06,233
4d3c0726-8e51-4bb4-9313-3666923d622a,233
7613b9ae-52d3-40de-8861-81df6d7111ce,233
ac75b839-5c59-47f5-a75d-313b87c61925,233
7a712e88-960a-43b2-8411-c7668ba0098c,233
97f0c4c2-04df-447b-8a74-0c109d8e467f,233
23df9564-6955-40cb-8779-a7ab01853ae2,233
c7da34d0-bc0d-4f10-81db-9d591c236325,233
8d1a67f3-d4da-4cd3-93b1-a27f91c51b44,233
6d30c907-82c7-45a7-a56b-4f091f6aa7e9,233
457d73a9-77c2-4a77-b145-4191643aedfe,233
84500394-7d49-446c-9378-e1272e9c887a,233
246ee50b-2b04-48c4-87f4-9e6f24c0c389,233
39cdc80f-e1b4-415e-91ff-5a650a46dd9f,233
54ef7a3c-cc94-46a3-a575-b90e45ccdc31,233
22f701f2-2691-4c85-871b-c84f452d573a,233
cab2b9ec-2162-4d76-a7cf-6b12249e30e7,233
1add487d-d6ab-43dc-8d84-bf76cfcfcfb9,233
ea5a87cd-bfbb-4b9c-8a9b-22baa59fd911,233
1f9fc7ec-5861-4133-bc65-8ae5f73542c2,233
1f428e0d-b302-44d8-b784-18cd386876ea,233
78e2e32a-cd7e-4297-b596-d2bda0e22025,233
7fda53b6-048b-4712-b7e7-823dc41867a6,233
02d3876c-8ba0-4a7e-b749-be5fa1897169,233
920ee492-02a7-48ad-b5e4-3f8b76071e78,233
7f5e7f98-4e1f-49a8-865d-c7ac0aca3691,233
856b61c5-1a3d-4e92-8585-a0a1f4d04f12,233
8216ce1c-0dde-474c-9c1a-57201939078c,233
e3723de3-10df-47fd-b362-d3221ad27208,233
2a19068f-cabc-4922-8004-1f1cb2c945a1,233
b11ae496-02aa-42a9-b9d8-09f47eda2dea,233
e6ba329c-99cd-433c-9a4b-7704542c7638,233
f9c29a9f-a31c-4cc2-afb5-9b882e14b3d3,233
f624c7bd-180a-4e28-917e-67f66f883ead,233
c1897cfa-41de-4a88-be0c-a5ba965bf839,234
d2c30a1e-3a2b-4716-b1e0-4fef8c9bfe1f,234
1f9fc7ec-5861-4133-bc65-8ae5f73542c2,234
33010f8d-9c11-4150-afc3-60eb99228c74,234
4d7a7eee-5da7-4d4e-9dc2-d8dca18da46b,234
b5dedccd-6fc6-400b-86c4-db4a726dbb0b,234
d95f9cd5-75bf-45c9-b360-7c3181a3a8e7,234
50a78f57-d806-4479-9871-d616cf1a5f3d,234
43b28c1a-ada6-457e-a30e-d72158fcfba2,234
ac75b839-5c59-47f5-a75d-313b87c61925,234
5adb38ae-41fc-420a-b555-f446669401c8,234
b11ae496-02aa-42a9-b9d8-09f47eda2dea,234
920ee492-02a7-48ad-b5e4-3f8b76071e78,234
1d9ab56f-98a4-4e7c-b11d-ebda8a93e3ee,234
c485aa0d-c65f-41b3-a4d2-1af3ed217e22,310
d2c30a1e-3a2b-4716-b1e0-4fef8c9bfe1f,310
69450170-f0e0-4d86-8484-268536b32925,310
caf445c6-9dbc-444a-b79e-a1d37d702723,310
6023eec0-4c23-4f83-a9f7-4fe180d0cd66,310
2aac7abd-eda1-47af-9ec3-828924163a02,310
1091571f-9fcc-4b0c-b756-f87d3b67c591,310
36c8f4fb-612c-41e7-9565-3b47009f77e7,310
8f6665e0-f8e6-4b0e-a557-16c11e00f951,310
54a64fdf-6d5b-4c0b-b51b-b23407df8652,310
64a524be-f7bd-4e55-a675-929899cc5c39,310
c1d3f2f7-4455-42e3-b7fc-52963f72b59c,310
a0187414-b115-4109-a5d3-5988ea97e340,310
ac75b839-5c59-47f5-a75d-313b87c61925,310
927ac3a8-7139-4735-94c7-31fa5d80b835,310
31ba2f56-2b29-4eb0-91eb-4d9100294193,310
84500394-7d49-446c-9378-e1272e9c887a,310
920ee492-02a7-48ad-b5e4-3f8b76071e78,310
126f985c-d11a-4b73-a5e2-ca35c8fa24ed,310
cab2b9ec-2162-4d76-a7cf-6b12249e30e7,310
2253bd88-3f20-42f7-8540-cbf3674532da,310
705d7d9e-ac82-48f0-a825-e2b90dac7da9,310
c7da34d0-bc0d-4f10-81db-9d591c236325,310
1add487d-d6ab-43dc-8d84-bf76cfcfcfb9,310
43b28c1a-ada6-457e-a30e-d72158fcfba2,310
4d7a7eee-5da7-4d4e-9dc2-d8dca18da46b,310
e0b5cd04-9573-4c02-83dd-2ad1df8c68ac,310
7edc8835-749b-4838-b81b-d42ea94cd7d0,310
8216ce1c-0dde-474c-9c1a-57201939078c,310
7e3c309f-77df-44cc-a5f2-b0abc36620ce,310
92e40041-d2c5-4ecb-8f41-42b8e823d483,310
58ab883d-a920-4bd8-b11d-64ea7f6aaea1,310
7613b9ae-52d3-40de-8861-81df6d7111ce,310
f4a95cc5-a812-468a-8d61-c999405677be,310
33010f8d-9c11-4150-afc3-60eb99228c74,310
1256cd4e-7e8d-4567-a6bd-d03a1625cba4,310
74128e40-1bc8-44ab-ac6b-1e12cd431a2e,310
39cdc80f-e1b4-415e-91ff-5a650a46dd9f,310
7612cca2-e740-4606-a823-a6ae7a699e22,310
65347e41-970e-4fed-b6bd-7280b65486c1,310
1f9fc7ec-5861-4133-bc65-8ae5f73542c2,310
2a19068f-cabc-4922-8004-1f1cb2c945a1,310
db987e28-aa91-4670-b0fe-189453962159,310
3b033d07-22b7-47f1-869b-6989fe65c97c,310
ce4e47da-c2e8-4e18-8378-b8db0b0266b9,310
2575740c-efa4-4101-a8ea-6732ae18c32c,310
263a1e51-326b-45f7-91b4-298acbaa6291,310
10b9e651-7d30-4f96-9a86-ebe6896b466e,310
246ee50b-2b04-48c4-87f4-9e6f24c0c389,310
8a0544d0-b263-4db9-9662-9d9da38afde0,320
87e918b1-86d5-4f48-8550-86b4e5ac3cb9,320
23df9564-6955-40cb-8779-a7ab01853ae2,320
281befb6-2fc6-4664-8af7-426fe519bf14,320
6d30c907-82c7-45a7-a56b-4f091f6aa7e9,320
39cdc80f-e1b4-415e-91ff-5a650a46dd9f,320
77e48e59-b40a-430d-bae0-a2fe446f1088,320
b7c44e48-5325-4ed5-8fd5-1ca4a41dd122,320
51b6a301-e57c-48fb-950b-f37e3f19ecda,320
33010f8d-9c11-4150-afc3-60eb99228c74,320
61001820-9393-43f9-b5f7-421f47e23a99,320
4d7a7eee-5da7-4d4e-9dc2-d8dca18da46b,320
a15d65a3-5557-468e-afc5-9e8759311804,320
1a88136e-5791-4d05-9ce2-30569cf9cb86,320
8216ce1c-0dde-474c-9c1a-57201939078c,320
5daff63c-10fb-40b8-9c5e-c4a318637e37,320
7b018aa5-33ab-4f1a-a5ee-7ba2cd626b9b,320
e0b5cd04-9573-4c02-83dd-2ad1df8c68ac,320
77871f33-4165-4b8a-829c-f20a61a9a9bc,235
7fda53b6-048b-4712-b7e7-823dc41867a6,235
9153ead5-bfb9-476c-95b1-db110bbdb336,235
5ee4bb0c-e647-48b1-8dca-f173405d0ae8,235
5c0891e5-c8e2-4a20-90c5-f21ace376001,235
e40ace11-ae6c-40fc-ae42-7c22877903f1,235
16239a1e-a119-4f7b-9fdb-ee9d1178d779,235
1f9fc7ec-5861-4133-bc65-8ae5f73542c2,235
bcb5832b-d2f2-4ef3-9f64-11f99a13bde9,235
10ab7e28-9d2b-47f1-a701-07a939cfa174,235
43ebaa36-b8bf-4f84-9e37-c42377489522,235
f4a95cc5-a812-468a-8d61-c999405677be,235
e027479d-969e-485e-851a-2473cd2c2731,235
c1897cfa-41de-4a88-be0c-a5ba965bf839,296
54a64fdf-6d5b-4c0b-b51b-b23407df8652,296
d2c30a1e-3a2b-4716-b1e0-4fef8c9bfe1f,296
96fac094-b5f1-4ad1-946a-fbbe4166c056,296
42fe922b-68a5-494c-a5d2-ec921dc6cf27,296
fffdc5c5-01cb-4368-8936-fb3285140b81,296
6521cfef-5ebb-4013-9cb0-d1d5075b2a38,296
3ec99504-71f5-4300-bf94-e25748cadbdb,296
3d18d074-8ddc-4505-83e9-a1aa824c5219,296
36c8f4fb-612c-41e7-9565-3b47009f77e7,296
1f9fc7ec-5861-4133-bc65-8ae5f73542c2,296
2253bd88-3f20-42f7-8540-cbf3674532da,296
07c970ff-c388-4eaa-a7af-2c0464e82149,296
920ee492-02a7-48ad-b5e4-3f8b76071e78,296
a59ea005-2e3a-4dd2-ba63-7ba24b1d2d74,296
43b28c1a-ada6-457e-a30e-d72158fcfba2,296
42cc626c-8a29-4bf7-b91e-5b803c857f6e,296
b11ae496-02aa-42a9-b9d8-09f47eda2dea,296
41ab18e8-4ccc-42e7-9834-4b229be0777e,296
50a78f57-d806-4479-9871-d616cf1a5f3d,296
02d3876c-8ba0-4a7e-b749-be5fa1897169,296
f99acf81-1dc8-44ea-b55d-f26c589c635a,296
9a664df4-1f99-4d38-9098-8a63bf322d43,296
5ee4bb0c-e647-48b1-8dca-f173405d0ae8,296
7987ba0b-8d80-45ac-bea8-4bdd0ebba5d3,296
f17d871c-9c61-4b78-87d6-e6ce52acc072,296
a8c78b27-031f-47cc-808c-f0add8fc24f3,296
0ed38dc6-4836-4d1c-9289-8a0b64e705a5,296
1add487d-d6ab-43dc-8d84-bf76cfcfcfb9,296
511a3d24-eddf-4b03-9a70-12ed8558f393,296
c4c06bab-ab69-426e-908d-2d1e0b2fe6a5,296
719ff49a-3409-46fe-a897-ac7df028ecae,296
9c4e5a4c-8bd7-421f-bcd0-4fe4bc8b26d9,296
1d49636e-fcb5-4694-bd4f-3fdfd5c89fa0,296
7612cca2-e740-4606-a823-a6ae7a699e22,296
28b43d56-36c5-4a26-9e02-261e6bd5876a,296
44cdb05f-3160-491d-b8e5-31e160e55846,296
39cdc80f-e1b4-415e-91ff-5a650a46dd9f,296
f2041353-61b3-448b-b3fa-d090e3417f5b,296
f4a95cc5-a812-468a-8d61-c999405677be,296
ac75b839-5c59-47f5-a75d-313b87c61925,296
cef01eb5-7abd-4301-9377-57dbf508700c,296
7a10407b-4290-4615-b376-d81fdd199071,296
ce4e47da-c2e8-4e18-8378-b8db0b0266b9,296
89b72dd5-8ea3-45f2-8271-0a0ea222ab8d,296
33010f8d-9c11-4150-afc3-60eb99228c74,296
1002565d-09f2-48cb-8e98-aa4200d83570,296
4c01ef65-d314-45d2-ab2d-e7c3bae26dc4,238
0f3d523c-204c-438d-ae0e-2379ad264d97,238
a0187414-b115-4109-a5d3-5988ea97e340,238
c1897cfa-41de-4a88-be0c-a5ba965bf839,238
ac75b839-5c59-47f5-a75d-313b87c61925,238
4ff3236b-baee-4e69-a521-b8ef9a9610a9,238
607c0044-40d0-447d-85f6-5022293736d0,238
c6c96262-9695-4e29-9e39-8870b5c6d373,238
d2c30a1e-3a2b-4716-b1e0-4fef8c9bfe1f,238
946c290d-1097-4a6d-b611-632ae6f87d2d,238
8a0544d0-b263-4db9-9662-9d9da38afde0,238
2cea4755-64b6-46d2-957b-43214beccf06,238
355d744a-8094-4544-a9e0-dcf1d3994a87,238
a1047c83-faad-40c0-8361-b75ede304d39,238
271c3f2a-340e-49f8-8519-6532c933c6fa,238
3a7ce350-2c78-4ef7-8a33-f5580f234421,238
8aedc31e-90ae-44e5-9be6-f77f0cb609ec,238
f28d4a08-d9a0-4f6c-91c7-cc4acc346cd4,238
0556c6e7-10ad-4f57-9282-3749c22ace69,238
eae5390f-94db-475c-8456-b9ee2b644b91,238
87e918b1-86d5-4f48-8550-86b4e5ac3cb9,238
c2a4c066-c10b-4730-9e6a-e8b6427260d5,238
263a1e51-326b-45f7-91b4-298acbaa6291,238
6d30c907-82c7-45a7-a56b-4f091f6aa7e9,238
d97e8875-e466-41cb-ba90-746cfbfc6fc5,238
3d18d074-8ddc-4505-83e9-a1aa824c5219,238
d6e93ce6-614b-4c67-8603-a36143e9f0a7,238
a891aaf5-7aed-4216-aed8-f128c0f182ec,238
2e73d163-0c6e-4d14-815d-c42ca60b5c9e,238
246ee50b-2b04-48c4-87f4-9e6f24c0c389,238
51b6a301-e57c-48fb-950b-f37e3f19ecda,238
920ee492-02a7-48ad-b5e4-3f8b76071e78,238
1d9ab56f-98a4-4e7c-b11d-ebda8a93e3ee,238
54a64fdf-6d5b-4c0b-b51b-b23407df8652,238
77e48e59-b40a-430d-bae0-a2fe446f1088,238
719c0f02-bf23-4d9f-afd6-87b88320f928,238
1e56ad34-0d16-4be7-8067-cddf2586e53f,238
f4a95cc5-a812-468a-8d61-c999405677be,238
04290c46-731d-4afb-ba0c-aa5cf5ed2be5,238
4a886fcb-14b5-46fc-aeb7-97b9b3a7bf19,238
0defe21f-0289-480a-b227-3ec712d9b080,238
c7da34d0-bc0d-4f10-81db-9d591c236325,238
9c4412f0-a6c9-4914-91f0-b2b399f39c8c,238
cab2b9ec-2162-4d76-a7cf-6b12249e30e7,238
c52f0d2e-c478-4307-8f71-3f6d751f6b4e,238
f04de33d-64cd-47a7-aab8-a7ba874576ce,238
2de0dd6a-6e62-45fa-99f3-8a3684ffe147,238
71bd906e-c206-4338-8b5f-1f6a01b24b64,238
84500394-7d49-446c-9378-e1272e9c887a,238
8216ce1c-0dde-474c-9c1a-57201939078c,238
1f9fc7ec-5861-4133-bc65-8ae5f73542c2,238
9a664df4-1f99-4d38-9098-8a63bf322d43,238
e67ce3b4-78e3-4213-bc04-6f127efe5b80,238
1add487d-d6ab-43dc-8d84-bf76cfcfcfb9,238
50a78f57-d806-4479-9871-d616cf1a5f3d,238
c9238bda-687a-4cef-94d4-5c7fbdc4789a,238
482cf9d9-4c6b-4af2-a3b3-8fb8b8d5f39f,238
318b6946-121a-4329-988b-18ef416240cd,238
927ac3a8-7139-4735-94c7-31fa5d80b835,238
f624c7bd-180a-4e28-917e-67f66f883ead,238
39cdc80f-e1b4-415e-91ff-5a650a46dd9f,238
7613b9ae-52d3-40de-8861-81df6d7111ce,238
b11ae496-02aa-42a9-b9d8-09f47eda2dea,238
ce2d47bd-e0b6-4833-af53-d2c284145863,238
b6cbea72-81dd-4fc1-bbe5-ddea43f0c7ef,238
ad7aa449-6be7-494b-8c85-5a31f170d8cf,238
ce4e47da-c2e8-4e18-8378-b8db0b0266b9,238
717f485e-d698-4626-841a-e18579794b15,238
c485aa0d-c65f-41b3-a4d2-1af3ed217e22,238
54ef7a3c-cc94-46a3-a575-b90e45ccdc31,238
33010f8d-9c11-4150-afc3-60eb99228c74,238
da9ef7c6-dd30-4eb8-bd9f-f7a31c4b5584,238
6f6245f6-03f7-4131-ab8d-54d4d4383b71,238
c4fb1921-fe8a-41dc-864b-b81f5b28e25b,238
77073fb8-6786-45c8-9d3a-fdd7e8ae9810,238
02d3876c-8ba0-4a7e-b749-be5fa1897169,238
61001820-9393-43f9-b5f7-421f47e23a99,238
96fac094-b5f1-4ad1-946a-fbbe4166c056,238
3b033d07-22b7-47f1-869b-6989fe65c97c,238
68e8d14e-8384-4f86-9775-337ba9f3cd52,238
f99acf81-1dc8-44ea-b55d-f26c589c635a,238
36c8f4fb-612c-41e7-9565-3b47009f77e7,238
37870427-98c9-4263-86f2-367b0ff98d99,238
dd5fbacd-53ad-410d-877a-8126809d022d,238
078a997a-d949-4d97-b99d-02c124ca69e1,238
2e68e49a-3ce0-405b-a573-05e8130f66cb,238
43b28c1a-ada6-457e-a30e-d72158fcfba2,239
719ff49a-3409-46fe-a897-ac7df028ecae,239
db45aa16-0da8-4c30-a6d6-d2ffe8f8719c,239
3d4e82c8-a5c9-4b91-8088-09d42827dec2,239
fb822f90-a939-4152-a183-47c957d8e8d9,239
af3a4c80-9c6a-4dbe-a70b-ef7506cc294e,239
1d9ab56f-98a4-4e7c-b11d-ebda8a93e3ee,239
ac75b839-5c59-47f5-a75d-313b87c61925,239
aad6b277-4810-4278-9a74-b43ce236f9f6,239
e4e0b1ad-8623-42f6-801f-9da5dcc477b2,318
c6c96262-9695-4e29-9e39-8870b5c6d373,318
02d3876c-8ba0-4a7e-b749-be5fa1897169,318
a8521022-a926-4e58-95dd-ecc26def8ee8,318
69450170-f0e0-4d86-8484-268536b32925,318
c1897cfa-41de-4a88-be0c-a5ba965bf839,318
54ef7a3c-cc94-46a3-a575-b90e45ccdc31,318
d2c30a1e-3a2b-4716-b1e0-4fef8c9bfe1f,318
ba543e8b-caf4-45d3-a268-82df57db03dd,318
304daf6f-c07d-4b04-a1f7-2553315db144,318
23df9564-6955-40cb-8779-a7ab01853ae2,318
246ee50b-2b04-48c4-87f4-9e6f24c0c389,318
281befb6-2fc6-4664-8af7-426fe519bf14,318
774c457d-9dde-44f6-bb95-7a6f25d4468f,318
8d1993e2-c029-422c-8e8c-8cbd0ed2aceb,318
8ccdf52c-d0c5-4c48-bbaf-181f07b5572e,318
b11ae496-02aa-42a9-b9d8-09f47eda2dea,318
62b688d8-8b2e-418d-b69d-f61f885586bc,318
bf380269-2683-42b2-a24d-9c70c44e8e1b,318
1091571f-9fcc-4b0c-b756-f87d3b67c591,318
5478eebc-52d7-41c5-8fd4-9e539f43af29,318
6e93a688-920d-4f0c-8e5d-e14857b1765d,318
d95f9cd5-75bf-45c9-b360-7c3181a3a8e7,318
0defe21f-0289-480a-b227-3ec712d9b080,318
2253bd88-3f20-42f7-8540-cbf3674532da,318
22472d4c-1da0-4692-afba-736f41306576,318
f624c7bd-180a-4e28-917e-67f66f883ead,318
cc8ab5e0-7125-45fb-950c-25833a40c5bf,318
7d0a576b-ebaf-4281-80db-759575ee9cdb,318
5ee31948-bd37-4f4a-b242-e17db030cbf0,318
09cdc768-8215-4518-8789-0c0d065a937d,318
5d0c149f-4042-4180-b1c9-f7d7b9275b05,318
7f2c9491-876d-4335-9963-d99a1d33b886,318
4bbd6975-366d-48d0-bcb2-adc0df24c9a8,318
9a664df4-1f99-4d38-9098-8a63bf322d43,318
cacf0cf0-7bea-40f9-8e89-ef86a940b844,318
6d30c907-82c7-45a7-a56b-4f091f6aa7e9,318
1a88136e-5791-4d05-9ce2-30569cf9cb86,318
b485472d-bdfb-46df-8f4a-a9cf101a35cc,318
d929660d-bdde-42ec-bc76-4e96450132b9,318
1d9ab56f-98a4-4e7c-b11d-ebda8a93e3ee,318
b95c15ee-d1de-4c03-b2a5-105d58ae2480,318
f4a95cc5-a812-468a-8d61-c999405677be,318
f28d4a08-d9a0-4f6c-91c7-cc4acc346cd4,318
7a10407b-4290-4615-b376-d81fdd199071,318
efe22066-9ce0-401c-9806-77d906017d22,318
0fb86105-2f19-46d4-beaf-595ae218af45,318
4d96d115-8079-49e4-8279-592915f19f20,318
1add487d-d6ab-43dc-8d84-bf76cfcfcfb9,318
c9238bda-687a-4cef-94d4-5c7fbdc4789a,318
cab2b9ec-2162-4d76-a7cf-6b12249e30e7,318
ff5c9116-91f3-4a54-8255-607e3010e26e,318
2575740c-efa4-4101-a8ea-6732ae18c32c,318
43b28c1a-ada6-457e-a30e-d72158fcfba2,318
ce4e47da-c2e8-4e18-8378-b8db0b0266b9,318
7613b9ae-52d3-40de-8861-81df6d7111ce,318
bc7fa871-32e3-4e34-920d-94ab78f2d5c8,318
85f1a87c-916c-40e6-9941-9cee35e33ed1,318
b521ea24-d66f-4e27-a124-4fc199a28b45,318
650607d5-41be-4019-ae89-fa7ae2fb710b,318
8d1a67f3-d4da-4cd3-93b1-a27f91c51b44,318
271c3f2a-340e-49f8-8519-6532c933c6fa,318
81563260-6ce0-44d9-9e51-d052651803c9,318
36c8f4fb-612c-41e7-9565-3b47009f77e7,318
c2a4c066-c10b-4730-9e6a-e8b6427260d5,318
5f975feb-8422-4760-be67-34def994c9b2,318
28b43d56-36c5-4a26-9e02-261e6bd5876a,318
8a0544d0-b263-4db9-9662-9d9da38afde0,318
c431aa75-e146-4424-8d82-d2bf4ec90019,318
b1fa175b-5425-4b12-9a39-e6adff1fd0a9,318
e0b5cd04-9573-4c02-83dd-2ad1df8c68ac,318
a15d65a3-5557-468e-afc5-9e8759311804,318
3d18d074-8ddc-4505-83e9-a1aa824c5219,318
7831b6c7-8184-49d1-b05d-67a741c7f75b,318
bd2e4ae7-2de4-49b7-a7c6-05b27e63854d,318
293cbaec-b0bf-4ffb-a037-e822b1c47c93,318
272504bd-1c33-4c96-a765-c3cee3e8742a,318
56186607-48a1-4092-bd4c-eabf77b55af6,318
69dde144-9ca7-485e-a825-cf0376c03ee1,318
be28ee6f-7cb3-4c61-8d26-9a49a24214c3,318
2aac7abd-eda1-47af-9ec3-828924163a02,318
60ff9775-3e10-415d-ba05-203bcfc3ae23,318
50a78f57-d806-4479-9871-d616cf1a5f3d,318
59a25a26-dd15-44ce-961b-62bc0bcc7d90,318
511a3d24-eddf-4b03-9a70-12ed8558f393,318
971d3e8a-c8ff-4404-9255-63b5e0861830,318
a8c78b27-031f-47cc-808c-f0add8fc24f3,318
8986f254-e34b-461e-a7fc-caf3a7021e57,318
d4e8f54b-2674-48e4-afcf-316287ea43b3,318
941ea176-df1b-4d28-beb3-4af8094ad2de,318
1256cd4e-7e8d-4567-a6bd-d03a1625cba4,318
c7da34d0-bc0d-4f10-81db-9d591c236325,318
c895ac9f-8d57-4d6e-9ea1-6f470509f1b8,318
effacca5-9083-4816-aab9-fd30ceb50d23,318
927ac3a8-7139-4735-94c7-31fa5d80b835,318
da9ef7c6-dd30-4eb8-bd9f-f7a31c4b5584,318
1bfcae4e-cb5c-4b97-a80d-57273fccb12f,318
0f3d523c-204c-438d-ae0e-2379ad264d97,318
39cdc80f-e1b4-415e-91ff-5a650a46dd9f,318
84888a4c-38a6-4c15-9ae5-e807934bf0a1,318
c54d7537-9407-4265-9ac1-77d629dffa38,318
c485aa0d-c65f-41b3-a4d2-1af3ed217e22,318
84500394-7d49-446c-9378-e1272e9c887a,318
dbcd9fea-cd2b-45ce-b75d-159d57ee8795,318
37870427-98c9-4263-86f2-367b0ff98d99,318
37c44eeb-b928-48aa-8453-8fba30c4248d,318
2e73d163-0c6e-4d14-815d-c42ca60b5c9e,318
4d7a7eee-5da7-4d4e-9dc2-d8dca18da46b,318
5e82ce1a-f072-4e46-abb4-2c3be23879f0,318
9cacdab8-2e9e-4446-a6f6-ff0fe6cfaee7,318
54a64fdf-6d5b-4c0b-b51b-b23407df8652,318
1f9fc7ec-5861-4133-bc65-8ae5f73542c2,318
b7cc14c9-e257-4e96-ab6d-636b2fe4998e,318
b6cbea72-81dd-4fc1-bbe5-ddea43f0c7ef,318
bad5f9a9-c256-47b6-a859-998550c33e3b,318
f99acf81-1dc8-44ea-b55d-f26c589c635a,318
ac75b839-5c59-47f5-a75d-313b87c61925,318
6529d03a-b84e-45cb-a7de-00d53898a9d3,318
cef01eb5-7abd-4301-9377-57dbf508700c,318
263a1e51-326b-45f7-91b4-298acbaa6291,318
2de0dd6a-6e62-45fa-99f3-8a3684ffe147,318
63dee598-7016-46e4-910a-4844cf2342e9,318
c4fb1921-fe8a-41dc-864b-b81f5b28e25b,318
0380a996-82be-4d05-b872-0c8344540367,318
79444afc-74d2-4149-8bc7-4608ca46b220,318
102459dd-c9f7-48e9-bd5a-98bfc3eea2fa,318
10b9e651-7d30-4f96-9a86-ebe6896b466e,318
78c17654-7b8d-42c4-ad6a-652f6462f2b9,318
c1897cfa-41de-4a88-be0c-a5ba965bf839,240
d2c30a1e-3a2b-4716-b1e0-4fef8c9bfe1f,240
b5dedccd-6fc6-400b-86c4-db4a726dbb0b,240
a0187414-b115-4109-a5d3-5988ea97e340,240
bf380269-2683-42b2-a24d-9c70c44e8e1b,240
22f701f2-2691-4c85-871b-c84f452d573a,240
44cdb05f-3160-491d-b8e5-31e160e55846,240
b11ae496-02aa-42a9-b9d8-09f47eda2dea,240
39cdc80f-e1b4-415e-91ff-5a650a46dd9f,240
c7da34d0-bc0d-4f10-81db-9d591c236325,240
78e2e32a-cd7e-4297-b596-d2bda0e22025,240
84500394-7d49-446c-9378-e1272e9c887a,240
856b61c5-1a3d-4e92-8585-a0a1f4d04f12,240
ddccffba-dd7f-40e9-80ff-cb429db9c7ab,240
2575740c-efa4-4101-a8ea-6732ae18c32c,240
7fda53b6-048b-4712-b7e7-823dc41867a6,240
246ee50b-2b04-48c4-87f4-9e6f24c0c389,240
50a78f57-d806-4479-9871-d616cf1a5f3d,240
f9c29a9f-a31c-4cc2-afb5-9b882e14b3d3,240
4d3c0726-8e51-4bb4-9313-3666923d622a,240
ea5a87cd-bfbb-4b9c-8a9b-22baa59fd911,240
920ee492-02a7-48ad-b5e4-3f8b76071e78,240
8d1a67f3-d4da-4cd3-93b1-a27f91c51b44,240
54a64fdf-6d5b-4c0b-b51b-b23407df8652,240
1add487d-d6ab-43dc-8d84-bf76cfcfcfb9,240
2a19068f-cabc-4922-8004-1f1cb2c945a1,240
36e9a5f5-37ef-45eb-b1c7-bd320cf572e1,332
41964554-9fa9-4757-a7ca-cac5f6a0f8ee,332
d2c30a1e-3a2b-4716-b1e0-4fef8c9bfe1f,332
8aedc31e-90ae-44e5-9be6-f77f0cb609ec,332
f624c7bd-180a-4e28-917e-67f66f883ead,332
bcfe12e3-1ed6-4f19-b857-33fbecee9353,332
25940fea-c7cb-4fe2-83c8-6df2dd8dc881,332
b63abe67-fa69-4e20-b001-9a56c6e6eb7d,332
ecc9af89-d8fb-45d6-afde-2a14784d0f69,332
d2c30a1e-3a2b-4716-b1e0-4fef8c9bfe1f,245
7edc8835-749b-4838-b81b-d42ea94cd7d0,245
10b9e651-7d30-4f96-9a86-ebe6896b466e,245
84888a4c-38a6-4c15-9ae5-e807934bf0a1,245
705d7d9e-ac82-48f0-a825-e2b90dac7da9,245
39cdc80f-e1b4-415e-91ff-5a650a46dd9f,245
ac75b839-5c59-47f5-a75d-313b87c61925,245
ff5c9116-91f3-4a54-8255-607e3010e26e,245
69dde144-9ca7-485e-a825-cf0376c03ee1,245
84500394-7d49-446c-9378-e1272e9c887a,245
246ee50b-2b04-48c4-87f4-9e6f24c0c389,245
96fac094-b5f1-4ad1-946a-fbbe4166c056,245
1add487d-d6ab-43dc-8d84-bf76cfcfcfb9,245
9466cc55-e5fc-4e56-b34d-1bf559907639,246
6d30c907-82c7-45a7-a56b-4f091f6aa7e9,246
029444f2-8f81-4143-8327-0dd60854b932,246
cacf0cf0-7bea-40f9-8e89-ef86a940b844,246
43b28c1a-ada6-457e-a30e-d72158fcfba2,246
2a19068f-cabc-4922-8004-1f1cb2c945a1,246
927ac3a8-7139-4735-94c7-31fa5d80b835,246
1add487d-d6ab-43dc-8d84-bf76cfcfcfb9,246
f9c29a9f-a31c-4cc2-afb5-9b882e14b3d3,246
78e2e32a-cd7e-4297-b596-d2bda0e22025,246
4d3c0726-8e51-4bb4-9313-3666923d622a,246
ddccffba-dd7f-40e9-80ff-cb429db9c7ab,246
2d731cc7-0568-4f91-89c8-34b0b9806c9b,246
974c15c2-631d-467e-b002-1410d5b224a9,246
a15d65a3-5557-468e-afc5-9e8759311804,246
db45aa16-0da8-4c30-a6d6-d2ffe8f8719c,246
39cdc80f-e1b4-415e-91ff-5a650a46dd9f,246
09cdc768-8215-4518-8789-0c0d065a937d,246
7a712e88-960a-43b2-8411-c7668ba0098c,246
c9238bda-687a-4cef-94d4-5c7fbdc4789a,246
8590a607-0702-4b60-b4a6-de178effbe6d,246
b5dedccd-6fc6-400b-86c4-db4a726dbb0b,246
e3723de3-10df-47fd-b362-d3221ad27208,246
93aa5788-4a91-4a2e-9fcf-f6d48c1ec960,246
9d2e0263-b416-4201-bbf2-c1cefe319d06,246
e846ab1b-de81-4c06-9cdf-c452d35ca0d8,246
bf380269-2683-42b2-a24d-9c70c44e8e1b,246
927ce5d2-95a6-4ef0-a9f1-810ad900d2ae,246
a9e1e67a-1e06-480d-8e23-b9398bb55fc5,246
c7da34d0-bc0d-4f10-81db-9d591c236325,246
856b61c5-1a3d-4e92-8585-a0a1f4d04f12,246
bf81a714-9a27-41ea-98b1-44fbb1b8a636,246
ce2d47bd-e0b6-4833-af53-d2c284145863,246
246ee50b-2b04-48c4-87f4-9e6f24c0c389,246
84500394-7d49-446c-9378-e1272e9c887a,246
2cf3b39a-6604-4635-ac07-b2bdd9e77eee,246
1f9fc7ec-5861-4133-bc65-8ae5f73542c2,246
e6ba329c-99cd-433c-9a4b-7704542c7638,246
28015751-dea1-4478-99f1-98d98d721113,246
2575740c-efa4-4101-a8ea-6732ae18c32c,246
1f428e0d-b302-44d8-b784-18cd386876ea,246
d2c30a1e-3a2b-4716-b1e0-4fef8c9bfe1f,246
02d3876c-8ba0-4a7e-b749-be5fa1897169,297
cef01eb5-7abd-4301-9377-57dbf508700c,297
a59ea005-2e3a-4dd2-ba63-7ba24b1d2d74,297
6023eec0-4c23-4f83-a9f7-4fe180d0cd66,297
ccf8248a-b212-4977-a40d-4fb82297dc48,297
eb8d74ab-c2b0-4ae8-a395-a172037b9388,297
b7cc14c9-e257-4e96-ab6d-636b2fe4998e,297
89b72dd5-8ea3-45f2-8271-0a0ea222ab8d,297
cef01eb5-7abd-4301-9377-57dbf508700c,248
c6c96262-9695-4e29-9e39-8870b5c6d373,248
920ee492-02a7-48ad-b5e4-3f8b76071e78,248
1add487d-d6ab-43dc-8d84-bf76cfcfcfb9,248
a9e1e67a-1e06-480d-8e23-b9398bb55fc5,248
028e213a-a709-428a-8779-470b767b7d63,248
54a64fdf-6d5b-4c0b-b51b-b23407df8652,248
93aa5788-4a91-4a2e-9fcf-f6d48c1ec960,248
c7da34d0-bc0d-4f10-81db-9d591c236325,248
23df9564-6955-40cb-8779-a7ab01853ae2,248
2cf3b39a-6604-4635-ac07-b2bdd9e77eee,248
bf380269-2683-42b2-a24d-9c70c44e8e1b,248
70b1c721-71c7-425e-85d9-41142a61f1ee,248
a15d65a3-5557-468e-afc5-9e8759311804,248
39cdc80f-e1b4-415e-91ff-5a650a46dd9f,248
3ec99504-71f5-4300-bf94-e25748cadbdb,248
c2a4c066-c10b-4730-9e6a-e8b6427260d5,248
84500394-7d49-446c-9378-e1272e9c887a,248
029444f2-8f81-4143-8327-0dd60854b932,248
9466cc55-e5fc-4e56-b34d-1bf559907639,248
246ee50b-2b04-48c4-87f4-9e6f24c0c389,248
78e2e32a-cd7e-4297-b596-d2bda0e22025,248
eb8d74ab-c2b0-4ae8-a395-a172037b9388,248
8b255ac6-ab42-4e85-93e0-632d3424b20b,248
7f5e7f98-4e1f-49a8-865d-c7ac0aca3691,248
974c15c2-631d-467e-b002-1410d5b224a9,248
28015751-dea1-4478-99f1-98d98d721113,248
856b61c5-1a3d-4e92-8585-a0a1f4d04f12,248
4d3c0726-8e51-4bb4-9313-3666923d622a,248
7edc8835-749b-4838-b81b-d42ea94cd7d0,248
cacf0cf0-7bea-40f9-8e89-ef86a940b844,248
b11ae496-02aa-42a9-b9d8-09f47eda2dea,248
7612cca2-e740-4606-a823-a6ae7a699e22,248
2382c12d-c09b-4d80-8cbe-46e1f92d4422,248
33010f8d-9c11-4150-afc3-60eb99228c74,248
6d30c907-82c7-45a7-a56b-4f091f6aa7e9,248
1f428e0d-b302-44d8-b784-18cd386876ea,248
2575740c-efa4-4101-a8ea-6732ae18c32c,248
44cdb05f-3160-491d-b8e5-31e160e55846,249
f9c29a9f-a31c-4cc2-afb5-9b882e14b3d3,249
44759fe3-4097-4984-9740-3fddbe72c2d9,249
4d3c0726-8e51-4bb4-9313-3666923d622a,249
a0187414-b115-4109-a5d3-5988ea97e340,249
c9238bda-687a-4cef-94d4-5c7fbdc4789a,249
705d7d9e-ac82-48f0-a825-e2b90dac7da9,249
8216ce1c-0dde-474c-9c1a-57201939078c,249
84500394-7d49-446c-9378-e1272e9c887a,249
ea5a87cd-bfbb-4b9c-8a9b-22baa59fd911,249
2aac7abd-eda1-47af-9ec3-828924163a02,249
d97e8875-e466-41cb-ba90-746cfbfc6fc5,249
39cdc80f-e1b4-415e-91ff-5a650a46dd9f,249
3a7ce350-2c78-4ef7-8a33-f5580f234421,249
e305eaad-3fb8-4fb6-8a0e-cc315812b8a4,249
1b0385f1-6699-4428-9d34-1a5458fefaba,249
bf380269-2683-42b2-a24d-9c70c44e8e1b,249
92e40041-d2c5-4ecb-8f41-42b8e823d483,249
78e2e32a-cd7e-4297-b596-d2bda0e22025,249
50a78f57-d806-4479-9871-d616cf1a5f3d,249
60ff9775-3e10-415d-ba05-203bcfc3ae23,249
2a19068f-cabc-4922-8004-1f1cb2c945a1,249
457d73a9-77c2-4a77-b145-4191643aedfe,249
246ee50b-2b04-48c4-87f4-9e6f24c0c389,249
ff5c9116-91f3-4a54-8255-607e3010e26e,249
66149c1d-17ea-41d6-8373-8c7010072597,249
a15d65a3-5557-468e-afc5-9e8759311804,249
8d1a67f3-d4da-4cd3-93b1-a27f91c51b44,249
c7da34d0-bc0d-4f10-81db-9d591c236325,249
553342f4-799b-474c-8e23-579b118291e5,249
ddccffba-dd7f-40e9-80ff-cb429db9c7ab,249
fbee4478-796e-42fd-9e94-c4057b3f70b6,249
ac75b839-5c59-47f5-a75d-313b87c61925,249
6d30c907-82c7-45a7-a56b-4f091f6aa7e9,249
22f701f2-2691-4c85-871b-c84f452d573a,249
2575740c-efa4-4101-a8ea-6732ae18c32c,249
920ee492-02a7-48ad-b5e4-3f8b76071e78,249
e0b5cd04-9573-4c02-83dd-2ad1df8c68ac,249
1add487d-d6ab-43dc-8d84-bf76cfcfcfb9,249
e3723de3-10df-47fd-b362-d3221ad27208,249
9466cc55-e5fc-4e56-b34d-1bf559907639,302
a8521022-a926-4e58-95dd-ecc26def8ee8,302
7fda53b6-048b-4712-b7e7-823dc41867a6,302
c6c96262-9695-4e29-9e39-8870b5c6d373,302
db987e28-aa91-4670-b0fe-189453962159,302
cef01eb5-7abd-4301-9377-57dbf508700c,302
c485aa0d-c65f-41b3-a4d2-1af3ed217e22,302
02d3876c-8ba0-4a7e-b749-be5fa1897169,302
7612cca2-e740-4606-a823-a6ae7a699e22,302
d2c30a1e-3a2b-4716-b1e0-4fef8c9bfe1f,302
69450170-f0e0-4d86-8484-268536b32925,302
1f428e0d-b302-44d8-b784-18cd386876ea,302
1002565d-09f2-48cb-8e98-aa4200d83570,302
51b6a301-e57c-48fb-950b-f37e3f19ecda,302
b7c44e48-5325-4ed5-8fd5-1ca4a41dd122,302
f4a95cc5-a812-468a-8d61-c999405677be,302
07c970ff-c388-4eaa-a7af-2c0464e82149,302
54a64fdf-6d5b-4c0b-b51b-b23407df8652,302
9b575571-f40b-49a2-b0e1-fd15b67fb4a7,302
8a0544d0-b263-4db9-9662-9d9da38afde0,302
79444afc-74d2-4149-8bc7-4608ca46b220,302
58ab883d-a920-4bd8-b11d-64ea7f6aaea1,302
938c0417-23d7-42f2-b75a-df858cde72b4,302
1add487d-d6ab-43dc-8d84-bf76cfcfcfb9,302
cc8ab5e0-7125-45fb-950c-25833a40c5bf,302
705d7d9e-ac82-48f0-a825-e2b90dac7da9,302
23f24dbd-9cc7-4e27-8db5-0436d91e0357,302
195d8cad-a639-47ab-9c98-c63fd98c0469,302
08248e9d-2917-4733-8a58-e903a4415b4e,302
7f2c9491-876d-4335-9963-d99a1d33b886,302
7613b9ae-52d3-40de-8861-81df6d7111ce,302
5ee4bb0c-e647-48b1-8dca-f173405d0ae8,302
57511811-36d4-42fd-8a07-91532a430fc3,302
12a8d994-f691-49f2-81ef-20251dce2c11,302
36c8f4fb-612c-41e7-9565-3b47009f77e7,302
1b7345c8-3534-4dae-86e5-44afeedbdbf7,302
10a6899d-1bfe-4f0c-bf04-683c071d75ef,302
281befb6-2fc6-4664-8af7-426fe519bf14,302
42fe922b-68a5-494c-a5d2-ec921dc6cf27,302
61001820-9393-43f9-b5f7-421f47e23a99,302
318b6946-121a-4329-988b-18ef416240cd,302
f624c7bd-180a-4e28-917e-67f66f883ead,302
d4e8f54b-2674-48e4-afcf-316287ea43b3,302
1f9fc7ec-5861-4133-bc65-8ae5f73542c2,302
a5a76cb3-eaf6-4408-992b-a2631422befa,302
10fd5996-e098-4766-b7f9-7db03250dd1d,302
2d06714d-1617-4ffb-a2e7-4dda9eae5c22,302
c895ac9f-8d57-4d6e-9ea1-6f470509f1b8,302
59a25a26-dd15-44ce-961b-62bc0bcc7d90,302
ac75b839-5c59-47f5-a75d-313b87c61925,302
33010f8d-9c11-4150-afc3-60eb99228c74,302
c7da34d0-bc0d-4f10-81db-9d591c236325,302
1a2cdf0f-b6c4-4500-8117-d69a86c0cf1c,302
f2041353-61b3-448b-b3fa-d090e3417f5b,302
ad76c4ba-a0e0-49ac-ad37-fd47389cd8ef,302
d4920ff6-62fc-41c0-a0eb-432638dfa949,302
6d30c907-82c7-45a7-a56b-4f091f6aa7e9,302
263a1e51-326b-45f7-91b4-298acbaa6291,302
6023eec0-4c23-4f83-a9f7-4fe180d0cd66,302
79e22a06-bbe0-499d-a16d-278d1ff83004,302
bf380269-2683-42b2-a24d-9c70c44e8e1b,302
1d9ab56f-98a4-4e7c-b11d-ebda8a93e3ee,302
179a1342-0d06-41ef-aa42-b337b0be0058,302
927ac3a8-7139-4735-94c7-31fa5d80b835,302
bad5f9a9-c256-47b6-a859-998550c33e3b,302
1091571f-9fcc-4b0c-b756-f87d3b67c591,302
ce4e47da-c2e8-4e18-8378-b8db0b0266b9,302
8af69094-cc3f-4a64-8e15-1bd92993a30e,302
293cbaec-b0bf-4ffb-a037-e822b1c47c93,302
2253bd88-3f20-42f7-8540-cbf3674532da,302
2aac7abd-eda1-47af-9ec3-828924163a02,302
a32c88b5-c9c4-4138-a601-f307a330b5fe,302
38b37fdb-7eae-4dec-a5e6-f2b6e8a3c2b1,302
9cacdab8-2e9e-4446-a6f6-ff0fe6cfaee7,302
8216ce1c-0dde-474c-9c1a-57201939078c,302
fd659c02-0ac4-4dce-be1d-750fa9eb48a0,302
ac44a4d3-0a79-4379-9dbb-5552528e4f34,302
4d3c0726-8e51-4bb4-9313-3666923d622a,302
43b28c1a-ada6-457e-a30e-d72158fcfba2,302
5ee31948-bd37-4f4a-b242-e17db030cbf0,302
65347e41-970e-4fed-b6bd-7280b65486c1,302
74128e40-1bc8-44ab-ac6b-1e12cd431a2e,302
887e8690-b1ca-4e4e-b3a1-a52894f293d1,302
3169ae0f-d130-45f1-9f41-4af486915cba,302
272504bd-1c33-4c96-a765-c3cee3e8742a,302
2575740c-efa4-4101-a8ea-6732ae18c32c,302
09cdc768-8215-4518-8789-0c0d065a937d,302
10b9e651-7d30-4f96-9a86-ebe6896b466e,302
8d1a67f3-d4da-4cd3-93b1-a27f91c51b44,302
920ee492-02a7-48ad-b5e4-3f8b76071e78,302
3e5df28a-027e-4f6e-bcd6-3c03dc177c8e,302
89b72dd5-8ea3-45f2-8271-0a0ea222ab8d,302
69dde144-9ca7-485e-a825-cf0376c03ee1,302
c2a4c066-c10b-4730-9e6a-e8b6427260d5,302
8d1993e2-c029-422c-8e8c-8cbd0ed2aceb,302
cab2b9ec-2162-4d76-a7cf-6b12249e30e7,302
beb91a78-ee91-4b14-92e4-be67ff11af3e,302
222ac51d-7ffe-4860-9e5b-4f0c9f525693,302
1e56ad34-0d16-4be7-8067-cddf2586e53f,302
b2fb5ef4-f7b7-47d7-8872-a10cf197e804,302
ff5c9116-91f3-4a54-8255-607e3010e26e,302
971d3e8a-c8ff-4404-9255-63b5e0861830,302
544ac65e-1c2d-4700-8ab2-9c97b3e3fda8,302
25940fea-c7cb-4fe2-83c8-6df2dd8dc881,302
9a664df4-1f99-4d38-9098-8a63bf322d43,302
7dd1a4df-e583-4584-918f-e9d750fda74f,302
e40ace11-ae6c-40fc-ae42-7c22877903f1,302
6496e5b4-e0c4-445d-a76b-674528920bff,302
36d64e25-fb8b-4307-94c2-7f44b27a24e2,302
be28ee6f-7cb3-4c61-8d26-9a49a24214c3,302
e7c4f874-2638-4f69-8ec9-2e9fd96338d3,302
c431aa75-e146-4424-8d82-d2bf4ec90019,302
1e641894-87ec-4f9a-b523-ed95e942eee5,302
1eddc4da-8e93-4881-a881-d92a7fc1c8f4,302
31ba2f56-2b29-4eb0-91eb-4d9100294193,302
e4d0f820-4606-4702-8dfa-71819be1c91c,302
32a2fc37-8c14-4220-ba50-b8144e2744e4,302
8f6665e0-f8e6-4b0e-a557-16c11e00f951,302
e787e158-8499-4ca0-8490-a71e54c9c750,302
4a886fcb-14b5-46fc-aeb7-97b9b3a7bf19,302
1d49636e-fcb5-4694-bd4f-3fdfd5c89fa0,302
d95f9cd5-75bf-45c9-b360-7c3181a3a8e7,302
e0b5cd04-9573-4c02-83dd-2ad1df8c68ac,302
39cdc80f-e1b4-415e-91ff-5a650a46dd9f,302
84500394-7d49-446c-9378-e1272e9c887a,302
66bed310-15f4-4fb2-ba51-99d459b75b1d,302
2eefd786-9146-49ce-86b5-01952822ff52,302
2d8cf7c2-970c-4d0f-9806-4fcce5c3b282,302
3c774998-ea7a-4958-8e4e-10cd225417fa,302
7e3b8e6e-85be-4d54-bb07-a438d5538bbd,302
7ccde1cc-1574-4530-b51a-f7d02eb0eb43,302
f28d4a08-d9a0-4f6c-91c7-cc4acc346cd4,302
c1897cfa-41de-4a88-be0c-a5ba965bf839,287
b5dedccd-6fc6-400b-86c4-db4a726dbb0b,287
920ee492-02a7-48ad-b5e4-3f8b76071e78,287
50a78f57-d806-4479-9871-d616cf1a5f3d,287
5adb38ae-41fc-420a-b555-f446669401c8,287
bd2e4ae7-2de4-49b7-a7c6-05b27e63854d,287
23df9564-6955-40cb-8779-a7ab01853ae2,287
a0187414-b115-4109-a5d3-5988ea97e340,251
c6c96262-9695-4e29-9e39-8870b5c6d373,251
c1897cfa-41de-4a88-be0c-a5ba965bf839,251
8216ce1c-0dde-474c-9c1a-57201939078c,251
33010f8d-9c11-4150-afc3-60eb99228c74,251
db987e28-aa91-4670-b0fe-189453962159,251
ac75b839-5c59-47f5-a75d-313b87c61925,251
b11ae496-02aa-42a9-b9d8-09f47eda2dea,251
d2c30a1e-3a2b-4716-b1e0-4fef8c9bfe1f,251
549956db-e4e1-4472-810c-143907fcc3d8,251
1a88136e-5791-4d05-9ce2-30569cf9cb86,251
db7ee683-d328-4a0d-8c1a-63d7019c31d4,251
387e074f-ca8c-490c-8b71-d83e4f17692e,251
6d30c907-82c7-45a7-a56b-4f091f6aa7e9,251
8a0544d0-b263-4db9-9662-9d9da38afde0,251
246ee50b-2b04-48c4-87f4-9e6f24c0c389,251
7edc8835-749b-4838-b81b-d42ea94cd7d0,251
23df9564-6955-40cb-8779-a7ab01853ae2,251
920ee492-02a7-48ad-b5e4-3f8b76071e78,251
fa309a72-0c77-4009-9bad-7211c3efbfbc,251
ad65ade0-282f-4014-9ec0-97157e1e6f46,251
ec917734-64d3-4b6f-ac18-8aa22a688720,251
3c774998-ea7a-4958-8e4e-10cd225417fa,251
3f1828ae-05b1-4dd2-b8c9-10736c4bcc9b,251
607c0044-40d0-447d-85f6-5022293736d0,251
974c15c2-631d-467e-b002-1410d5b224a9,251
bf380269-2683-42b2-a24d-9c70c44e8e1b,251
cab2b9ec-2162-4d76-a7cf-6b12249e30e7,251
ddccffba-dd7f-40e9-80ff-cb429db9c7ab,251
1add487d-d6ab-43dc-8d84-bf76cfcfcfb9,251
f624c7bd-180a-4e28-917e-67f66f883ead,251
705d7d9e-ac82-48f0-a825-e2b90dac7da9,251
50a78f57-d806-4479-9871-d616cf1a5f3d,251
dc3257dd-ddd2-4cf9-9933-d93491713975,251
43b28c1a-ada6-457e-a30e-d72158fcfba2,251
a431ddb1-fc28-4a34-b964-1c54f6ee691a,251
92e40041-d2c5-4ecb-8f41-42b8e823d483,251
cef01eb5-7abd-4301-9377-57dbf508700c,251
3a7ce350-2c78-4ef7-8a33-f5580f234421,251
e0b5cd04-9573-4c02-83dd-2ad1df8c68ac,251
2cf3b39a-6604-4635-ac07-b2bdd9e77eee,251
44cdb05f-3160-491d-b8e5-31e160e55846,251
31ba2f56-2b29-4eb0-91eb-4d9100294193,251
457d73a9-77c2-4a77-b145-4191643aedfe,251
4d7a7eee-5da7-4d4e-9dc2-d8dca18da46b,251
7e403063-6b16-4bf4-add4-e361f6bf756e,251
37c44eeb-b928-48aa-8453-8fba30c4248d,251
37c44eeb-b928-48aa-8453-8fba30c4248d,252
d2c30a1e-3a2b-4716-b1e0-4fef8c9bfe1f,252
c1897cfa-41de-4a88-be0c-a5ba965bf839,252
394892b2-c3ac-43b6-8083-218fe196a2b5,252
5ee4bb0c-e647-48b1-8dca-f173405d0ae8,252
304daf6f-c07d-4b04-a1f7-2553315db144,252
4d3c0726-8e51-4bb4-9313-3666923d622a,252
820f8720-5e94-4bbb-a8d0-273e566fed2d,252
c2a4c066-c10b-4730-9e6a-e8b6427260d5,252
f624c7bd-180a-4e28-917e-67f66f883ead,252
650607d5-41be-4019-ae89-fa7ae2fb710b,252
3d4e82c8-a5c9-4b91-8088-09d42827dec2,252
b63abe67-fa69-4e20-b001-9a56c6e6eb7d,252
465875ce-8a99-4237-85dd-a2209994d92b,252
39cdc80f-e1b4-415e-91ff-5a650a46dd9f,252
3e69045b-ce37-496f-83b8-563e65cc4254,252
c7da34d0-bc0d-4f10-81db-9d591c236325,252
387e074f-ca8c-490c-8b71-d83e4f17692e,252
246ee50b-2b04-48c4-87f4-9e6f24c0c389,252
7ef44647-7abd-4093-847b-ffe5bd93b108,252
33010f8d-9c11-4150-afc3-60eb99228c74,252
d1459c11-e499-41e4-9a6a-d8c2f813c4e2,252
31ba2f56-2b29-4eb0-91eb-4d9100294193,252
bf380269-2683-42b2-a24d-9c70c44e8e1b,252
71bd906e-c206-4338-8b5f-1f6a01b24b64,252
6d30c907-82c7-45a7-a56b-4f091f6aa7e9,252
0addb92c-a068-41a0-a447-c89c3f3323aa,252
78e2e32a-cd7e-4297-b596-d2bda0e22025,252
1f428e0d-b302-44d8-b784-18cd386876ea,252
c9238bda-687a-4cef-94d4-5c7fbdc4789a,252
0ad0d1cc-b327-4003-9ac2-ae90612830de,252
1add487d-d6ab-43dc-8d84-bf76cfcfcfb9,252
61b93594-cc21-413f-9642-54e4431a54df,252
868fc14a-4343-4228-9369-2ab43748f5de,252
1c8ec245-3bed-4d2b-bb1f-cfe568eaa976,252
856b61c5-1a3d-4e92-8585-a0a1f4d04f12,252
927ce5d2-95a6-4ef0-a9f1-810ad900d2ae,252
2575740c-efa4-4101-a8ea-6732ae18c32c,252
1bed2ede-5e88-4493-898f-6c5a78c0033d,252
2d4fa6eb-7e4a-41f6-bce7-1280c968bf42,252
c4fb1921-fe8a-41dc-864b-b81f5b28e25b,252
b11ae496-02aa-42a9-b9d8-09f47eda2dea,252
68e8d14e-8384-4f86-9775-337ba9f3cd52,252
1f9fc7ec-5861-4133-bc65-8ae5f73542c2,252
6ec6ce0c-d1db-4b0b-bd74-43f104c6550e,252
a1d9dbcf-2a18-484e-82b9-642e48152d8a,252
db45aa16-0da8-4c30-a6d6-d2ffe8f8719c,252
ac9a153d-6ff1-41c7-82be-63f716f7bf59,252
920ee492-02a7-48ad-b5e4-3f8b76071e78,252
84500394-7d49-446c-9378-e1272e9c887a,252
c431aa75-e146-4424-8d82-d2bf4ec90019,252
c97849bf-3a82-4cff-826e-c42afc7a852e,252
7831b6c7-8184-49d1-b05d-67a741c7f75b,252
bb1e1973-9f8b-4667-8ea4-1de5fbba7324,252
c6c96262-9695-4e29-9e39-8870b5c6d373,315
54a64fdf-6d5b-4c0b-b51b-b23407df8652,315
d2c30a1e-3a2b-4716-b1e0-4fef8c9bfe1f,315
69450170-f0e0-4d86-8484-268536b32925,315
33010f8d-9c11-4150-afc3-60eb99228c74,315
43b28c1a-ada6-457e-a30e-d72158fcfba2,315
8590a607-0702-4b60-b4a6-de178effbe6d,315
ac75b839-5c59-47f5-a75d-313b87c61925,315
32a2fc37-8c14-4220-ba50-b8144e2744e4,315
f28d4a08-d9a0-4f6c-91c7-cc4acc346cd4,315
f4a95cc5-a812-468a-8d61-c999405677be,315
ce4e47da-c2e8-4e18-8378-b8db0b0266b9,315
544ac65e-1c2d-4700-8ab2-9c97b3e3fda8,315
7612cca2-e740-4606-a823-a6ae7a699e22,315
7e3c309f-77df-44cc-a5f2-b0abc36620ce,315
1f9fc7ec-5861-4133-bc65-8ae5f73542c2,315
4d7a7eee-5da7-4d4e-9dc2-d8dca18da46b,315
1d9ab56f-98a4-4e7c-b11d-ebda8a93e3ee,315
39cdc80f-e1b4-415e-91ff-5a650a46dd9f,315
5c0891e5-c8e2-4a20-90c5-f21ace376001,315
7613b9ae-52d3-40de-8861-81df6d7111ce,315
fd659c02-0ac4-4dce-be1d-750fa9eb48a0,315
50a78f57-d806-4479-9871-d616cf1a5f3d,315
9cacdab8-2e9e-4446-a6f6-ff0fe6cfaee7,315
cef01eb5-7abd-4301-9377-57dbf508700c,315
1add487d-d6ab-43dc-8d84-bf76cfcfcfb9,315
263a1e51-326b-45f7-91b4-298acbaa6291,315
3c774998-ea7a-4958-8e4e-10cd225417fa,315
04290c46-731d-4afb-ba0c-aa5cf5ed2be5,315
7fda53b6-048b-4712-b7e7-823dc41867a6,29
c1897cfa-41de-4a88-be0c-a5ba965bf839,29
1d49636e-fcb5-4694-bd4f-3fdfd5c89fa0,29
9ab3138b-8f74-4aa9-b1fb-53e4a900c658,29
39cdc80f-e1b4-415e-91ff-5a650a46dd9f,29
a9853be5-e2a3-43f8-bc1d-0c0c8bf240cf,29
bf380269-2683-42b2-a24d-9c70c44e8e1b,29
48e3455d-c108-46b4-87d2-885426266aa8,29
1ad2aac7-3c48-4d4c-8047-d778530eb9e4,29
221ff1d2-1c2d-4c0a-8710-e1a91d589f77,29
a15d65a3-5557-468e-afc5-9e8759311804,29
7e3b8e6e-85be-4d54-bb07-a438d5538bbd,29
8f6665e0-f8e6-4b0e-a557-16c11e00f951,29
bb1e1973-9f8b-4667-8ea4-1de5fbba7324,29
78e2e32a-cd7e-4297-b596-d2bda0e22025,29
5e6cd684-4d14-430f-a880-47fe6226ef43,29
ac75b839-5c59-47f5-a75d-313b87c61925,29
4d7a7eee-5da7-4d4e-9dc2-d8dca18da46b,29
457d73a9-77c2-4a77-b145-4191643aedfe,29
cef01eb5-7abd-4301-9377-57dbf508700c,29
1d9ab56f-98a4-4e7c-b11d-ebda8a93e3ee,29
2253bd88-3f20-42f7-8540-cbf3674532da,29
c2a4c066-c10b-4730-9e6a-e8b6427260d5,29
5ee4bb0c-e647-48b1-8dca-f173405d0ae8,29
6d30c907-82c7-45a7-a56b-4f091f6aa7e9,29
02d3876c-8ba0-4a7e-b749-be5fa1897169,29
94b3adf7-4a8b-4e40-811d-e55dca4cf270,29
f4a95cc5-a812-468a-8d61-c999405677be,29
cbe82e9f-ab46-4351-b3ed-b83bb9474c45,29
c9238bda-687a-4cef-94d4-5c7fbdc4789a,29
31ba2f56-2b29-4eb0-91eb-4d9100294193,29
51b6a301-e57c-48fb-950b-f37e3f19ecda,29
5c0891e5-c8e2-4a20-90c5-f21ace376001,29
9ffc2f95-70f5-4580-bbf2-672aada0c7a9,29
fffdc5c5-01cb-4368-8936-fb3285140b81,29
42fe922b-68a5-494c-a5d2-ec921dc6cf27,29
222ac51d-7ffe-4860-9e5b-4f0c9f525693,29
1add487d-d6ab-43dc-8d84-bf76cfcfcfb9,29
33010f8d-9c11-4150-afc3-60eb99228c74,29
36c8f4fb-612c-41e7-9565-3b47009f77e7,29
1f9fc7ec-5861-4133-bc65-8ae5f73542c2,29
d95f9cd5-75bf-45c9-b360-7c3181a3a8e7,29
4d3c0726-8e51-4bb4-9313-3666923d622a,29
b11ae496-02aa-42a9-b9d8-09f47eda2dea,29
07c970ff-c388-4eaa-a7af-2c0464e82149,29
84500394-7d49-446c-9378-e1272e9c887a,29
bc7fa871-32e3-4e34-920d-94ab78f2d5c8,29
246ee50b-2b04-48c4-87f4-9e6f24c0c389,29
73e5b9a0-1090-4cda-bc9b-472cf0e0fed3,29
c7da34d0-bc0d-4f10-81db-9d591c236325,29
97f0c4c2-04df-447b-8a74-0c109d8e467f,29
8590a607-0702-4b60-b4a6-de178effbe6d,29
7d3bd7c4-654f-40c0-ba26-037fd264c6fc,29
cef01eb5-7abd-4301-9377-57dbf508700c,317
c6c96262-9695-4e29-9e39-8870b5c6d373,317
2d06714d-1617-4ffb-a2e7-4dda9eae5c22,317
d2c30a1e-3a2b-4716-b1e0-4fef8c9bfe1f,317
f4a95cc5-a812-468a-8d61-c999405677be,317
a8c78b27-031f-47cc-808c-f0add8fc24f3,317
c485aa0d-c65f-41b3-a4d2-1af3ed217e22,317
e8512c52-8f5d-429e-b9d3-80040f2f36df,317
84500394-7d49-446c-9378-e1272e9c887a,317
db987e28-aa91-4670-b0fe-189453962159,317
1add487d-d6ab-43dc-8d84-bf76cfcfcfb9,317
ac75b839-5c59-47f5-a75d-313b87c61925,317
32a2fc37-8c14-4220-ba50-b8144e2744e4,317
f28d4a08-d9a0-4f6c-91c7-cc4acc346cd4,317
7e3c309f-77df-44cc-a5f2-b0abc36620ce,317
2a19068f-cabc-4922-8004-1f1cb2c945a1,317
04290c46-731d-4afb-ba0c-aa5cf5ed2be5,317
10b9e651-7d30-4f96-9a86-ebe6896b466e,317
1f9fc7ec-5861-4133-bc65-8ae5f73542c2,317
0d4673bd-843e-4ef6-91c3-6e46c8b506df,317
28015751-dea1-4478-99f1-98d98d721113,317
ce4e47da-c2e8-4e18-8378-b8db0b0266b9,317
7613b9ae-52d3-40de-8861-81df6d7111ce,317
263a1e51-326b-45f7-91b4-298acbaa6291,317
f04de33d-64cd-47a7-aab8-a7ba874576ce,317
33010f8d-9c11-4150-afc3-60eb99228c74,317
50a78f57-d806-4479-9871-d616cf1a5f3d,317
39cdc80f-e1b4-415e-91ff-5a650a46dd9f,317
705d7d9e-ac82-48f0-a825-e2b90dac7da9,317
7612cca2-e740-4606-a823-a6ae7a699e22,317
a0c2db0e-f565-4953-969e-ca11493c92d8,317
9cacdab8-2e9e-4446-a6f6-ff0fe6cfaee7,317
e8a83f57-6717-403f-84e9-56ecded817c7,317
246ee50b-2b04-48c4-87f4-9e6f24c0c389,334
2de0dd6a-6e62-45fa-99f3-8a3684ffe147,334
0d4673bd-843e-4ef6-91c3-6e46c8b506df,334
db987e28-aa91-4670-b0fe-189453962159,334
c895ac9f-8d57-4d6e-9ea1-6f470509f1b8,334
1ace0736-10e8-4352-ae96-e8e76ce7ac11,334
db31f453-7d0e-41c0-81d1-aac6ed086aa9,334
1256cd4e-7e8d-4567-a6bd-d03a1625cba4,334
7edc8835-749b-4838-b81b-d42ea94cd7d0,334
8a0544d0-b263-4db9-9662-9d9da38afde0,334
d1459c11-e499-41e4-9a6a-d8c2f813c4e2,334
6529d03a-b84e-45cb-a7de-00d53898a9d3,334
a8c78b27-031f-47cc-808c-f0add8fc24f3,334
e8a83f57-6717-403f-84e9-56ecded817c7,334
4d3c0726-8e51-4bb4-9313-3666923d622a,334
e8512c52-8f5d-429e-b9d3-80040f2f36df,334
ddccffba-dd7f-40e9-80ff-cb429db9c7ab,334
c1897cfa-41de-4a88-be0c-a5ba965bf839,255
9466cc55-e5fc-4e56-b34d-1bf559907639,255
c6c96262-9695-4e29-9e39-8870b5c6d373,255
263a1e51-326b-45f7-91b4-298acbaa6291,255
d2c30a1e-3a2b-4716-b1e0-4fef8c9bfe1f,255
91acf6d8-ef76-4981-b79c-06f387b1a155,255
28b43d56-36c5-4a26-9e02-261e6bd5876a,255
37c44eeb-b928-48aa-8453-8fba30c4248d,255
50a78f57-d806-4479-9871-d616cf1a5f3d,255
c431aa75-e146-4424-8d82-d2bf4ec90019,255
f624c7bd-180a-4e28-917e-67f66f883ead,255
fbc6c0f5-e999-4b3f-ad15-7410bfa41ffc,255
ac75b839-5c59-47f5-a75d-313b87c61925,255
cab2b9ec-2162-4d76-a7cf-6b12249e30e7,255
acff1d92-8a29-4d60-9cff-836336a2a2c9,255
9b5972b9-9d16-4e24-b831-720d7af4704d,255
179a1342-0d06-41ef-aa42-b337b0be0058,255
b11ae496-02aa-42a9-b9d8-09f47eda2dea,255
1add487d-d6ab-43dc-8d84-bf76cfcfcfb9,255
9cacdab8-2e9e-4446-a6f6-ff0fe6cfaee7,255
8b2fce65-f04a-425a-9525-f47055fc2e98,255
5f975feb-8422-4760-be67-34def994c9b2,255
3ec99504-71f5-4300-bf94-e25748cadbdb,255
c0c9f589-3520-4189-9734-afce95c20323,255
841a29b8-ccba-4c57-9d0d-a8a163123859,255
927ac3a8-7139-4735-94c7-31fa5d80b835,255
f99acf81-1dc8-44ea-b55d-f26c589c635a,255
10fd5996-e098-4766-b7f9-7db03250dd1d,255
b6cbea72-81dd-4fc1-bbe5-ddea43f0c7ef,255
b521ea24-d66f-4e27-a124-4fc199a28b45,255
1d9ab56f-98a4-4e7c-b11d-ebda8a93e3ee,255
69dde144-9ca7-485e-a825-cf0376c03ee1,255
cc8ab5e0-7125-45fb-950c-25833a40c5bf,255
3e5df28a-027e-4f6e-bcd6-3c03dc177c8e,255
e67ce3b4-78e3-4213-bc04-6f127efe5b80,255
f28d4a08-d9a0-4f6c-91c7-cc4acc346cd4,255
cef01eb5-7abd-4301-9377-57dbf508700c,255
96fac094-b5f1-4ad1-946a-fbbe4166c056,255
61001820-9393-43f9-b5f7-421f47e23a99,255
51b6a301-e57c-48fb-950b-f37e3f19ecda,255
56e04d30-3007-4c6d-b18c-769409260f3c,255
eadb0454-9a63-4242-90d0-aa3180d22701,255
971d3e8a-c8ff-4404-9255-63b5e0861830,255
c47026cd-15b6-471e-aaf3-a59338191424,255
f4a95cc5-a812-468a-8d61-c999405677be,255
1b7345c8-3534-4dae-86e5-44afeedbdbf7,255
774c457d-9dde-44f6-bb95-7a6f25d4468f,255
52497074-c0fd-4efa-b1bb-23773cc1d3ce,255
8f6665e0-f8e6-4b0e-a557-16c11e00f951,255
5817ff6e-a337-4744-b2ae-b255630d3148,255
d95f9cd5-75bf-45c9-b360-7c3181a3a8e7,255
5ee4bb0c-e647-48b1-8dca-f173405d0ae8,255
48e3455d-c108-46b4-87d2-885426266aa8,255
246ee50b-2b04-48c4-87f4-9e6f24c0c389,255
c485aa0d-c65f-41b3-a4d2-1af3ed217e22,255
3d18d074-8ddc-4505-83e9-a1aa824c5219,255
78c17654-7b8d-42c4-ad6a-652f6462f2b9,255
16f667d8-2ad1-4e99-aecc-cb537fd162b4,255
61a5ef27-6d47-4a56-bf55-92c22f38adcc,255
a1047c83-faad-40c0-8361-b75ede304d39,255
22f701f2-2691-4c85-871b-c84f452d573a,255
a623eb92-26f1-4c81-ad0d-c1208c3e52db,255
7612cca2-e740-4606-a823-a6ae7a699e22,255
acebf39c-9e14-4735-ae09-bbb47f4de135,255
ce2d47bd-e0b6-4833-af53-d2c284145863,255
c52f0d2e-c478-4307-8f71-3f6d751f6b4e,255
8590a607-0702-4b60-b4a6-de178effbe6d,255
54a64fdf-6d5b-4c0b-b51b-b23407df8652,255
b04e616f-93d1-4631-a886-364cce95dc41,255
c54d7537-9407-4265-9ac1-77d629dffa38,255
1bfcae4e-cb5c-4b97-a80d-57273fccb12f,255
beb91a78-ee91-4b14-92e4-be67ff11af3e,255
9a664df4-1f99-4d38-9098-8a63bf322d43,255
3a32ea95-9164-4476-b74c-79e1252719df,255
39cdc80f-e1b4-415e-91ff-5a650a46dd9f,255
920ee492-02a7-48ad-b5e4-3f8b76071e78,255
6f6245f6-03f7-4131-ab8d-54d4d4383b71,255
95138868-b3f5-4074-8bec-511e5e34e3a5,255
9466cc55-e5fc-4e56-b34d-1bf559907639,32
44cdb05f-3160-491d-b8e5-31e160e55846,32
e00d3f7f-dd3e-48f3-975d-c0f1ce7ab615,32
94b3adf7-4a8b-4e40-811d-e55dca4cf270,32
c7da34d0-bc0d-4f10-81db-9d591c236325,32
5c4a61d1-e547-422a-86b4-bd445452dbe8,32
1add487d-d6ab-43dc-8d84-bf76cfcfcfb9,32
39cdc80f-e1b4-415e-91ff-5a650a46dd9f,32
5bb521b0-dc42-4921-921b-23e0ac9c3889,32
b7c44e48-5325-4ed5-8fd5-1ca4a41dd122,32
2575740c-efa4-4101-a8ea-6732ae18c32c,32
33961f8a-e134-4a55-969e-9ebf68a8f59e,32
97eca41c-73c6-46af-880a-5d03696d7d46,32
84500394-7d49-446c-9378-e1272e9c887a,32
a0187414-b115-4109-a5d3-5988ea97e340,32
029444f2-8f81-4143-8327-0dd60854b932,32
1a88136e-5791-4d05-9ce2-30569cf9cb86,32
3a32ea95-9164-4476-b74c-79e1252719df,32
92e40041-d2c5-4ecb-8f41-42b8e823d483,32
48e3455d-c108-46b4-87d2-885426266aa8,32
2a19068f-cabc-4922-8004-1f1cb2c945a1,32
457d73a9-77c2-4a77-b145-4191643aedfe,32
acff1d92-8a29-4d60-9cff-836336a2a2c9,32
56186607-48a1-4092-bd4c-eabf77b55af6,32
ea5a87cd-bfbb-4b9c-8a9b-22baa59fd911,32
cacf0cf0-7bea-40f9-8e89-ef86a940b844,32
c4c06bab-ab69-426e-908d-2d1e0b2fe6a5,32
2de0dd6a-6e62-45fa-99f3-8a3684ffe147,32
075ce928-2e64-4106-9fc7-d22834716c6d,32
44759fe3-4097-4984-9740-3fddbe72c2d9,32
d97e8875-e466-41cb-ba90-746cfbfc6fc5,32
4d3c0726-8e51-4bb4-9313-3666923d622a,32
f9c29a9f-a31c-4cc2-afb5-9b882e14b3d3,32
d2c30a1e-3a2b-4716-b1e0-4fef8c9bfe1f,258
68e8d14e-8384-4f86-9775-337ba9f3cd52,258
1eddc4da-8e93-4881-a881-d92a7fc1c8f4,258
bb69db9c-e86e-45e2-9be4-82c7f867db7d,258
54a64fdf-6d5b-4c0b-b51b-b23407df8652,311
c6c96262-9695-4e29-9e39-8870b5c6d373,311
cef01eb5-7abd-4301-9377-57dbf508700c,311
51b6a301-e57c-48fb-950b-f37e3f19ecda,311
c2a4c066-c10b-4730-9e6a-e8b6427260d5,311
e8512c52-8f5d-429e-b9d3-80040f2f36df,311
263a1e51-326b-45f7-91b4-298acbaa6291,311
8f6665e0-f8e6-4b0e-a557-16c11e00f951,311
90b5dc02-8256-40a5-bb89-8fd303648011,311
f04de33d-64cd-47a7-aab8-a7ba874576ce,311
8216ce1c-0dde-474c-9c1a-57201939078c,311
6db724f9-8175-43de-b5c6-1d71002c172e,311
e8a83f57-6717-403f-84e9-56ecded817c7,311
a0c2db0e-f565-4953-969e-ca11493c92d8,311
2a7734e2-bd24-4a70-8f9e-2c2aa3d148cf,311
5e208f97-0faf-4965-9ff0-a301a492473e,311
effacca5-9083-4816-aab9-fd30ceb50d23,311
0d4673bd-843e-4ef6-91c3-6e46c8b506df,311
04290c46-731d-4afb-ba0c-aa5cf5ed2be5,311
1f9fc7ec-5861-4133-bc65-8ae5f73542c2,311
69dde144-9ca7-485e-a825-cf0376c03ee1,311
28015751-dea1-4478-99f1-98d98d721113,311
7613b9ae-52d3-40de-8861-81df6d7111ce,311
36d64e25-fb8b-4307-94c2-7f44b27a24e2,311
f4a95cc5-a812-468a-8d61-c999405677be,311
a5a76cb3-eaf6-4408-992b-a2631422befa,311
d2c30a1e-3a2b-4716-b1e0-4fef8c9bfe1f,151
c4fb1921-fe8a-41dc-864b-b81f5b28e25b,151
c52f0d2e-c478-4307-8f71-3f6d751f6b4e,151
8af13394-7c30-42dd-8641-6b0820f19517,151
650607d5-41be-4019-ae89-fa7ae2fb710b,151
68e8d14e-8384-4f86-9775-337ba9f3cd52,151
b7c44e48-5325-4ed5-8fd5-1ca4a41dd122,151
61fddc26-d411-4090-bbb8-c6aa94fb4591,151
8f6665e0-f8e6-4b0e-a557-16c11e00f951,151
3017cef9-e9a9-4b9d-a18f-e675a7ca88b0,151
33010f8d-9c11-4150-afc3-60eb99228c74,151
3e69045b-ce37-496f-83b8-563e65cc4254,151
5daff63c-10fb-40b8-9c5e-c4a318637e37,151
4065d1f2-0652-4978-a6d0-17c4c5461f90,151
6145cf1d-2e0e-4cfc-b43c-1dc98eb73cda,151
a431d2f4-1fcd-488a-b00e-c225d38e9ab0,151
54a64fdf-6d5b-4c0b-b51b-b23407df8652,37
c6c96262-9695-4e29-9e39-8870b5c6d373,37
c1897cfa-41de-4a88-be0c-a5ba965bf839,37
d2c30a1e-3a2b-4716-b1e0-4fef8c9bfe1f,37
42cc626c-8a29-4bf7-b91e-5b803c857f6e,37
ce2d47bd-e0b6-4833-af53-d2c284145863,37
8590a607-0702-4b60-b4a6-de178effbe6d,37
1d9ab56f-98a4-4e7c-b11d-ebda8a93e3ee,37
c7da34d0-bc0d-4f10-81db-9d591c236325,37
a0187414-b115-4109-a5d3-5988ea97e340,37
6d30c907-82c7-45a7-a56b-4f091f6aa7e9,37
139a5cfd-b195-462d-8909-817dc48240c2,37
11c753b7-2768-48b6-8bb1-3335ec392da3,37
920ee492-02a7-48ad-b5e4-3f8b76071e78,37
43b28c1a-ada6-457e-a30e-d72158fcfba2,37
246ee50b-2b04-48c4-87f4-9e6f24c0c389,37
927ac3a8-7139-4735-94c7-31fa5d80b835,37
26f88be3-b72e-40a2-9b50-7dec0c0be048,37
e666034e-43ea-4629-b6f4-f77e27c379b0,37
b11ae496-02aa-42a9-b9d8-09f47eda2dea,37
94b3adf7-4a8b-4e40-811d-e55dca4cf270,37
3a7ce350-2c78-4ef7-8a33-f5580f234421,37
c2a4c066-c10b-4730-9e6a-e8b6427260d5,37
1add487d-d6ab-43dc-8d84-bf76cfcfcfb9,37
36c8f4fb-612c-41e7-9565-3b47009f77e7,37
cef01eb5-7abd-4301-9377-57dbf508700c,37
59a25a26-dd15-44ce-961b-62bc0bcc7d90,37
e40ace11-ae6c-40fc-ae42-7c22877903f1,37
f4a95cc5-a812-468a-8d61-c999405677be,37
66149c1d-17ea-41d6-8373-8c7010072597,37
fbee4478-796e-42fd-9e94-c4057b3f70b6,37
ad87adb3-340c-4723-b816-c7d5eeb5680e,37
9153ead5-bfb9-476c-95b1-db110bbdb336,37
33010f8d-9c11-4150-afc3-60eb99228c74,37
71288e4c-21c5-488b-8073-bc65860d775a,37
02d3876c-8ba0-4a7e-b749-be5fa1897169,37
c9238bda-687a-4cef-94d4-5c7fbdc4789a,37
c5891e6b-f353-4e9a-8427-28d4d9ef3eb8,37
a15d65a3-5557-468e-afc5-9e8759311804,37
e787e158-8499-4ca0-8490-a71e54c9c750,37
ac75b839-5c59-47f5-a75d-313b87c61925,37
9ba5a79c-935f-49ce-825e-1ca9257c8114,37
7612cca2-e740-4606-a823-a6ae7a699e22,37
3ec99504-71f5-4300-bf94-e25748cadbdb,37
c8f548c9-9f6f-429c-814c-5377f8d3b79b,37
2aac7abd-eda1-47af-9ec3-828924163a02,37
1f9fc7ec-5861-4133-bc65-8ae5f73542c2,37
97f0c4c2-04df-447b-8a74-0c109d8e467f,37
f17d871c-9c61-4b78-87d6-e6ce52acc072,37
bf380269-2683-42b2-a24d-9c70c44e8e1b,37
c82a70e0-e8d3-420c-a530-051b977e6165,37
48e3455d-c108-46b4-87d2-885426266aa8,37
cab2b9ec-2162-4d76-a7cf-6b12249e30e7,37
5ee4bb0c-e647-48b1-8dca-f173405d0ae8,37
39cdc80f-e1b4-415e-91ff-5a650a46dd9f,37
50a78f57-d806-4479-9871-d616cf1a5f3d,37
54ef7a3c-cc94-46a3-a575-b90e45ccdc31,37
3877c9b9-d47f-40ac-aaff-bc78b1899240,37
8f797e33-f7d7-4144-8419-40ca68668d57,37
798ff2e7-d79d-4dbe-b61a-41578a8e5f30,37
4d7a7eee-5da7-4d4e-9dc2-d8dca18da46b,37
ff5c9116-91f3-4a54-8255-607e3010e26e,37
3b033d07-22b7-47f1-869b-6989fe65c97c,37
d4b18a5c-c397-4f5d-9791-d982295bd55c,37
7831b6c7-8184-49d1-b05d-67a741c7f75b,37
2253bd88-3f20-42f7-8540-cbf3674532da,37
54b63090-8f8b-4298-80d6-32eda73fd99d,299
fa309a72-0c77-4009-9bad-7211c3efbfbc,299
1a88136e-5791-4d05-9ce2-30569cf9cb86,299
c9238bda-687a-4cef-94d4-5c7fbdc4789a,299
0b267303-c6fc-465d-82e6-700ac5f2c703,299
31ba2f56-2b29-4eb0-91eb-4d9100294193,299
2aac7abd-eda1-47af-9ec3-828924163a02,299
8d1993e2-c029-422c-8e8c-8cbd0ed2aceb,299
1add487d-d6ab-43dc-8d84-bf76cfcfcfb9,299
938c0417-23d7-42f2-b75a-df858cde72b4,299
bf380269-2683-42b2-a24d-9c70c44e8e1b,299
74128e40-1bc8-44ab-ac6b-1e12cd431a2e,299
d1459c11-e499-41e4-9a6a-d8c2f813c4e2,299
4d3c0726-8e51-4bb4-9313-3666923d622a,299
a15d65a3-5557-468e-afc5-9e8759311804,299
7f5e7f98-4e1f-49a8-865d-c7ac0aca3691,299
84500394-7d49-446c-9378-e1272e9c887a,299
8aedc31e-90ae-44e5-9be6-f77f0cb609ec,299
10b9e651-7d30-4f96-9a86-ebe6896b466e,299
246ee50b-2b04-48c4-87f4-9e6f24c0c389,299
3a7ce350-2c78-4ef7-8a33-f5580f234421,299
2a19068f-cabc-4922-8004-1f1cb2c945a1,299
39cdc80f-e1b4-415e-91ff-5a650a46dd9f,299
387e074f-ca8c-490c-8b71-d83e4f17692e,299
ea5a87cd-bfbb-4b9c-8a9b-22baa59fd911,299
44cdb05f-3160-491d-b8e5-31e160e55846,299
21d89aad-dc32-4b92-a3f2-ec34d4a1b94b,299
1e641894-87ec-4f9a-b523-ed95e942eee5,299
a0187414-b115-4109-a5d3-5988ea97e340,299
2575740c-efa4-4101-a8ea-6732ae18c32c,299
78e2e32a-cd7e-4297-b596-d2bda0e22025,299
22f701f2-2691-4c85-871b-c84f452d573a,299
8216ce1c-0dde-474c-9c1a-57201939078c,299
6d30c907-82c7-45a7-a56b-4f091f6aa7e9,299
c7da34d0-bc0d-4f10-81db-9d591c236325,299
a9e1e67a-1e06-480d-8e23-b9398bb55fc5,298
1add487d-d6ab-43dc-8d84-bf76cfcfcfb9,298
a0187414-b115-4109-a5d3-5988ea97e340,298
74128e40-1bc8-44ab-ac6b-1e12cd431a2e,298
2de0dd6a-6e62-45fa-99f3-8a3684ffe147,298
d9037964-fe73-491b-8230-a2c777231644,298
3a7ce350-2c78-4ef7-8a33-f5580f234421,298
8a0544d0-b263-4db9-9662-9d9da38afde0,298
4d3c0726-8e51-4bb4-9313-3666923d622a,298
44759fe3-4097-4984-9740-3fddbe72c2d9,298
58ab883d-a920-4bd8-b11d-64ea7f6aaea1,298
490a436e-a9c9-4d61-b2e5-77c7044abb33,298
514c8ee1-2f9f-43f3-b77f-ee33e45a4274,298
d2c30a1e-3a2b-4716-b1e0-4fef8c9bfe1f,337
e1178968-bf0b-4477-9cb7-a92bbb13a234,337
54a64fdf-6d5b-4c0b-b51b-b23407df8652,337
12b2d9ce-8421-49bb-bddf-3c572f8fa8a2,337
33010f8d-9c11-4150-afc3-60eb99228c74,337
f0b8b2ad-d02d-4039-9ca7-1d15fc61c7fa,337
f04de33d-64cd-47a7-aab8-a7ba874576ce,337
d2c30a1e-3a2b-4716-b1e0-4fef8c9bfe1f,333
12b2d9ce-8421-49bb-bddf-3c572f8fa8a2,333
33010f8d-9c11-4150-afc3-60eb99228c74,333
54a64fdf-6d5b-4c0b-b51b-b23407df8652,333
f04de33d-64cd-47a7-aab8-a7ba874576ce,333
f0b8b2ad-d02d-4039-9ca7-1d15fc61c7fa,333
e1178968-bf0b-4477-9cb7-a92bbb13a234,333
a1d9dbcf-2a18-484e-82b9-642e48152d8a,263
dc3257dd-ddd2-4cf9-9933-d93491713975,263
93aa5788-4a91-4a2e-9fcf-f6d48c1ec960,263
39cdc80f-e1b4-415e-91ff-5a650a46dd9f,263
029444f2-8f81-4143-8327-0dd60854b932,263
cacf0cf0-7bea-40f9-8e89-ef86a940b844,263
2575740c-efa4-4101-a8ea-6732ae18c32c,263
2c6c1f4e-075e-431b-8d5e-47011b5ed7fb,263
8d1a67f3-d4da-4cd3-93b1-a27f91c51b44,263
2cf3b39a-6604-4635-ac07-b2bdd9e77eee,263
2d8cf7c2-970c-4d0f-9806-4fcce5c3b282,263
2382c12d-c09b-4d80-8cbe-46e1f92d4422,263
1f9fc7ec-5861-4133-bc65-8ae5f73542c2,263
820f8720-5e94-4bbb-a8d0-273e566fed2d,263
1a88136e-5791-4d05-9ce2-30569cf9cb86,263
84500394-7d49-446c-9378-e1272e9c887a,263
8216ce1c-0dde-474c-9c1a-57201939078c,263
c7da34d0-bc0d-4f10-81db-9d591c236325,263
61b93594-cc21-413f-9642-54e4431a54df,263
f9c29a9f-a31c-4cc2-afb5-9b882e14b3d3,263
6d30c907-82c7-45a7-a56b-4f091f6aa7e9,263
d1459c11-e499-41e4-9a6a-d8c2f813c4e2,263
c97849bf-3a82-4cff-826e-c42afc7a852e,263
4d3c0726-8e51-4bb4-9313-3666923d622a,263
7fda53b6-048b-4712-b7e7-823dc41867a6,263
1b0385f1-6699-4428-9d34-1a5458fefaba,263
a15d65a3-5557-468e-afc5-9e8759311804,263
bf380269-2683-42b2-a24d-9c70c44e8e1b,263
1add487d-d6ab-43dc-8d84-bf76cfcfcfb9,263
c2a4c066-c10b-4730-9e6a-e8b6427260d5,263
974c15c2-631d-467e-b002-1410d5b224a9,263
2d4fa6eb-7e4a-41f6-bce7-1280c968bf42,263
246ee50b-2b04-48c4-87f4-9e6f24c0c389,263
aad6b277-4810-4278-9a74-b43ce236f9f6,263
c6c96262-9695-4e29-9e39-8870b5c6d373,154
c1897cfa-41de-4a88-be0c-a5ba965bf839,154
d2c30a1e-3a2b-4716-b1e0-4fef8c9bfe1f,154
41964554-9fa9-4757-a7ca-cac5f6a0f8ee,154
44cdb05f-3160-491d-b8e5-31e160e55846,154
7a712e88-960a-43b2-8411-c7668ba0098c,154
4331cf46-99e2-4b5d-967d-011d9e80c326,154
ac75b839-5c59-47f5-a75d-313b87c61925,154
f624c7bd-180a-4e28-917e-67f66f883ead,154
920ee492-02a7-48ad-b5e4-3f8b76071e78,154
8702f9a7-d2ac-47bd-b72e-b296dce0e8ce,154
2a19068f-cabc-4922-8004-1f1cb2c945a1,154
6d30c907-82c7-45a7-a56b-4f091f6aa7e9,154
1a88136e-5791-4d05-9ce2-30569cf9cb86,154
78e2e32a-cd7e-4297-b596-d2bda0e22025,154
23df9564-6955-40cb-8779-a7ab01853ae2,154
8d1a67f3-d4da-4cd3-93b1-a27f91c51b44,154
43b28c1a-ada6-457e-a30e-d72158fcfba2,154
820f8720-5e94-4bbb-a8d0-273e566fed2d,154
1b0385f1-6699-4428-9d34-1a5458fefaba,154
ddccffba-dd7f-40e9-80ff-cb429db9c7ab,154
2aac7abd-eda1-47af-9ec3-828924163a02,154
a35f02e1-c2b2-4606-b460-a47f78e9fd35,154
7612cca2-e740-4606-a823-a6ae7a699e22,154
c9238bda-687a-4cef-94d4-5c7fbdc4789a,154
51b6a301-e57c-48fb-950b-f37e3f19ecda,154
33010f8d-9c11-4150-afc3-60eb99228c74,154
c6e89a51-df10-4032-9ed9-8495a6251af5,154
50a78f57-d806-4479-9871-d616cf1a5f3d,154
28015751-dea1-4478-99f1-98d98d721113,154
457d73a9-77c2-4a77-b145-4191643aedfe,154
e40ace11-ae6c-40fc-ae42-7c22877903f1,154
31ba2f56-2b29-4eb0-91eb-4d9100294193,154
4d3c0726-8e51-4bb4-9313-3666923d622a,154
2575740c-efa4-4101-a8ea-6732ae18c32c,154
cef01eb5-7abd-4301-9377-57dbf508700c,154
61001820-9393-43f9-b5f7-421f47e23a99,154
36c8f4fb-612c-41e7-9565-3b47009f77e7,154
d1459c11-e499-41e4-9a6a-d8c2f813c4e2,154
1add487d-d6ab-43dc-8d84-bf76cfcfcfb9,154
f4a95cc5-a812-468a-8d61-c999405677be,154
efe22066-9ce0-401c-9806-77d906017d22,154
ea5a87cd-bfbb-4b9c-8a9b-22baa59fd911,154
345909fc-f66c-4092-896f-895c33acd193,154
c97849bf-3a82-4cff-826e-c42afc7a852e,154
68e8d14e-8384-4f86-9775-337ba9f3cd52,154
39cdc80f-e1b4-415e-91ff-5a650a46dd9f,154
7f5e7f98-4e1f-49a8-865d-c7ac0aca3691,154
22f701f2-2691-4c85-871b-c84f452d573a,154
2de0dd6a-6e62-45fa-99f3-8a3684ffe147,154
974c15c2-631d-467e-b002-1410d5b224a9,154
387e074f-ca8c-490c-8b71-d83e4f17692e,154
df2f5d0a-13dc-4cfe-b742-13d56ddf8edb,154
a15d65a3-5557-468e-afc5-9e8759311804,154
1d9ab56f-98a4-4e7c-b11d-ebda8a93e3ee,154
7dd877a2-b6fd-41d3-be27-cd48ddc7f65e,154
84e21ea4-8f4e-404b-8be2-d4742cf14100,154
a1d9dbcf-2a18-484e-82b9-642e48152d8a,154
6ec6ce0c-d1db-4b0b-bd74-43f104c6550e,154
8216ce1c-0dde-474c-9c1a-57201939078c,154
59714f4a-a72c-40fe-be3b-0d79eb4ae19d,154
bf380269-2683-42b2-a24d-9c70c44e8e1b,154
f33ce054-7832-4096-879f-dc2e74ac5875,154
4d7a7eee-5da7-4d4e-9dc2-d8dca18da46b,154
705d7d9e-ac82-48f0-a825-e2b90dac7da9,154
a9e1e67a-1e06-480d-8e23-b9398bb55fc5,154
1f9fc7ec-5861-4133-bc65-8ae5f73542c2,154
c7da34d0-bc0d-4f10-81db-9d591c236325,154
619c6e8e-0bb7-4b61-a925-1944e51aa2d7,154
b11ae496-02aa-42a9-b9d8-09f47eda2dea,154
246ee50b-2b04-48c4-87f4-9e6f24c0c389,154
44759fe3-4097-4984-9740-3fddbe72c2d9,154
b5dedccd-6fc6-400b-86c4-db4a726dbb0b,154
259231e7-4a2b-4f3d-b902-71ae8949d0ad,154
54ef7a3c-cc94-46a3-a575-b90e45ccdc31,154
fa309a72-0c77-4009-9bad-7211c3efbfbc,154
92e40041-d2c5-4ecb-8f41-42b8e823d483,154
84500394-7d49-446c-9378-e1272e9c887a,154
3a7ce350-2c78-4ef7-8a33-f5580f234421,154
d97e8875-e466-41cb-ba90-746cfbfc6fc5,154
e787e158-8499-4ca0-8490-a71e54c9c750,154
c485aa0d-c65f-41b3-a4d2-1af3ed217e22,154
69dde144-9ca7-485e-a825-cf0376c03ee1,154
a0187414-b115-4109-a5d3-5988ea97e340,154
e0b5cd04-9573-4c02-83dd-2ad1df8c68ac,154
8cb229c0-1eb9-4478-b568-68502421c403,154
c6c96262-9695-4e29-9e39-8870b5c6d373,319
a8521022-a926-4e58-95dd-ecc26def8ee8,319
d2c30a1e-3a2b-4716-b1e0-4fef8c9bfe1f,319
23df9564-6955-40cb-8779-a7ab01853ae2,319
f4a95cc5-a812-468a-8d61-c999405677be,319
682f57bc-9422-43db-9406-224cda3735fc,319
16239a1e-a119-4f7b-9fdb-ee9d1178d779,319
4d7a7eee-5da7-4d4e-9dc2-d8dca18da46b,319
1f428e0d-b302-44d8-b784-18cd386876ea,319
04290c46-731d-4afb-ba0c-aa5cf5ed2be5,319
3ec99504-71f5-4300-bf94-e25748cadbdb,319
5adb38ae-41fc-420a-b555-f446669401c8,319
1add487d-d6ab-43dc-8d84-bf76cfcfcfb9,319
49c8f7b7-a5e5-4158-96a7-31b0006d15b9,319
33010f8d-9c11-4150-afc3-60eb99228c74,319
61001820-9393-43f9-b5f7-421f47e23a99,319
d80f6cd5-5a6a-489d-b327-c729f310833b,319
8a0544d0-b263-4db9-9662-9d9da38afde0,319
32a2fc37-8c14-4220-ba50-b8144e2744e4,319
bb1e1973-9f8b-4667-8ea4-1de5fbba7324,319
ff5c9116-91f3-4a54-8255-607e3010e26e,319
1f9fc7ec-5861-4133-bc65-8ae5f73542c2,319
61fddc26-d411-4090-bbb8-c6aa94fb4591,319
5c0891e5-c8e2-4a20-90c5-f21ace376001,319
7612cca2-e740-4606-a823-a6ae7a699e22,319
ac75b839-5c59-47f5-a75d-313b87c61925,319
281befb6-2fc6-4664-8af7-426fe519bf14,319
b5dedccd-6fc6-400b-86c4-db4a726dbb0b,319
23f2acc2-6b27-4fcd-a386-c6f3cf1c04a0,319
9a664df4-1f99-4d38-9098-8a63bf322d43,319
cef01eb5-7abd-4301-9377-57dbf508700c,319
e40ace11-ae6c-40fc-ae42-7c22877903f1,319
ac75b839-5c59-47f5-a75d-313b87c61925,266
c6c96262-9695-4e29-9e39-8870b5c6d373,266
d2c30a1e-3a2b-4716-b1e0-4fef8c9bfe1f,266
dd5fbacd-53ad-410d-877a-8126809d022d,266
cef01eb5-7abd-4301-9377-57dbf508700c,266
c2a4c066-c10b-4730-9e6a-e8b6427260d5,266
263a1e51-326b-45f7-91b4-298acbaa6291,266
650607d5-41be-4019-ae89-fa7ae2fb710b,266
ce4e47da-c2e8-4e18-8378-b8db0b0266b9,266
33010f8d-9c11-4150-afc3-60eb99228c74,266
96409391-2656-4e8c-942d-0edb23c7bbb4,266
68e8d14e-8384-4f86-9775-337ba9f3cd52,266
1add487d-d6ab-43dc-8d84-bf76cfcfcfb9,266
f4a95cc5-a812-468a-8d61-c999405677be,266
50a78f57-d806-4479-9871-d616cf1a5f3d,266
caf445c6-9dbc-444a-b79e-a1d37d702723,212
cef01eb5-7abd-4301-9377-57dbf508700c,212
9c4e5a4c-8bd7-421f-bcd0-4fe4bc8b26d9,212
05438568-7dfd-4bf4-b78e-096eb7636383,212
5ee4bb0c-e647-48b1-8dca-f173405d0ae8,212
4df9344c-2e6c-44e3-af83-86d80ef6c792,212
7fda53b6-048b-4712-b7e7-823dc41867a6,295
97f0c4c2-04df-447b-8a74-0c109d8e467f,295
48e3455d-c108-46b4-87d2-885426266aa8,295
77871f33-4165-4b8a-829c-f20a61a9a9bc,295
5e208f97-0faf-4965-9ff0-a301a492473e,295
22cb1883-a5d6-470f-91b0-73008fa18fe1,295
f04de33d-64cd-47a7-aab8-a7ba874576ce,295
04290c46-731d-4afb-ba0c-aa5cf5ed2be5,295
7bef3917-91d7-4277-bdbf-01b4526c19fb,295
cef01eb5-7abd-4301-9377-57dbf508700c,295
90b5dc02-8256-40a5-bb89-8fd303648011,295
5c0891e5-c8e2-4a20-90c5-f21ace376001,295
94b3adf7-4a8b-4e40-811d-e55dca4cf270,295
e8512c52-8f5d-429e-b9d3-80040f2f36df,295
43ebaa36-b8bf-4f84-9e37-c42377489522,295
28015751-dea1-4478-99f1-98d98d721113,295
567ce31c-8848-4974-87e8-ecff9b649371,295
11c753b7-2768-48b6-8bb1-3335ec392da3,295
c6c96262-9695-4e29-9e39-8870b5c6d373,336
51b6a301-e57c-48fb-950b-f37e3f19ecda,336
d2c30a1e-3a2b-4716-b1e0-4fef8c9bfe1f,336
9cacdab8-2e9e-4446-a6f6-ff0fe6cfaee7,336
a15d65a3-5557-468e-afc5-9e8759311804,336
ce4e47da-c2e8-4e18-8378-b8db0b0266b9,336
fbee4478-796e-42fd-9e94-c4057b3f70b6,336
d089f294-a95e-4446-9a88-4abdde5081b8,336
8801ea25-9a0c-4946-8ebf-329817cec794,336
25940fea-c7cb-4fe2-83c8-6df2dd8dc881,336
705d7d9e-ac82-48f0-a825-e2b90dac7da9,336
7831b6c7-8184-49d1-b05d-67a741c7f75b,336
a0a7452d-e210-49e2-a195-1332e0a140a7,336
e0b5cd04-9573-4c02-83dd-2ad1df8c68ac,336
c47026cd-15b6-471e-aaf3-a59338191424,336
8f6665e0-f8e6-4b0e-a557-16c11e00f951,336
835afcba-cc3f-4035-9fcb-6d9c66716ea4,336
c7da34d0-bc0d-4f10-81db-9d591c236325,336
ad76c4ba-a0e0-49ac-ad37-fd47389cd8ef,336
7edc8835-749b-4838-b81b-d42ea94cd7d0,336
db987e28-aa91-4670-b0fe-189453962159,336
a8521022-a926-4e58-95dd-ecc26def8ee8,336
272504bd-1c33-4c96-a765-c3cee3e8742a,336
36c8f4fb-612c-41e7-9565-3b47009f77e7,336
355d744a-8094-4544-a9e0-dcf1d3994a87,336
db7ee683-d328-4a0d-8c1a-63d7019c31d4,336
268059be-b95d-4b4d-91a5-f79295535507,336
246ee50b-2b04-48c4-87f4-9e6f24c0c389,336
12b2d9ce-8421-49bb-bddf-3c572f8fa8a2,336
6d30c907-82c7-45a7-a56b-4f091f6aa7e9,336
263a1e51-326b-45f7-91b4-298acbaa6291,336
43b28c1a-ada6-457e-a30e-d72158fcfba2,336
4d7a7eee-5da7-4d4e-9dc2-d8dca18da46b,336
a1f72deb-66c8-47a3-b87d-0f2bbadbfbf4,336
ad7aa449-6be7-494b-8c85-5a31f170d8cf,336
66d70e57-48b8-4846-987d-5e477db3873e,336
2253bd88-3f20-42f7-8540-cbf3674532da,336
6e93a688-920d-4f0c-8e5d-e14857b1765d,336
28b43d56-36c5-4a26-9e02-261e6bd5876a,336
1f9fc7ec-5861-4133-bc65-8ae5f73542c2,336
9a664df4-1f99-4d38-9098-8a63bf322d43,336
32a2fc37-8c14-4220-ba50-b8144e2744e4,336
79444afc-74d2-4149-8bc7-4608ca46b220,336
6023eec0-4c23-4f83-a9f7-4fe180d0cd66,336
8d1a67f3-d4da-4cd3-93b1-a27f91c51b44,336
1b7345c8-3534-4dae-86e5-44afeedbdbf7,336
d95f9cd5-75bf-45c9-b360-7c3181a3a8e7,336
c2a4c066-c10b-4730-9e6a-e8b6427260d5,336
ac75b839-5c59-47f5-a75d-313b87c61925,336
10b9e651-7d30-4f96-9a86-ebe6896b466e,336
c8feb6b9-0608-4b4b-a575-2a094de96473,336
b11ae496-02aa-42a9-b9d8-09f47eda2dea,336
1d9ab56f-98a4-4e7c-b11d-ebda8a93e3ee,336
0d4673bd-843e-4ef6-91c3-6e46c8b506df,336
8a0544d0-b263-4db9-9662-9d9da38afde0,336
612b8397-a374-46d8-8de4-f3460b771d76,336
39cdc80f-e1b4-415e-91ff-5a650a46dd9f,336
66207f55-f2fb-4f38-baf9-b60a649bed0d,336
7612cca2-e740-4606-a823-a6ae7a699e22,336
54a64fdf-6d5b-4c0b-b51b-b23407df8652,336
09cdc768-8215-4518-8789-0c0d065a937d,336
2de0dd6a-6e62-45fa-99f3-8a3684ffe147,336
fd659c02-0ac4-4dce-be1d-750fa9eb48a0,336
a0d69a04-aaad-4f44-a208-9f97a802f495,336
ea5a87cd-bfbb-4b9c-8a9b-22baa59fd911,336
f4a95cc5-a812-468a-8d61-c999405677be,336
33010f8d-9c11-4150-afc3-60eb99228c74,336
81563260-6ce0-44d9-9e51-d052651803c9,336
457d73a9-77c2-4a77-b145-4191643aedfe,336
682f57bc-9422-43db-9406-224cda3735fc,336
7613b9ae-52d3-40de-8861-81df6d7111ce,336
4f7a1752-2b71-47e2-b950-de5715431cc9,336
eb7386af-f9c5-4d10-bfc9-46c795d63fb0,336
54b63090-8f8b-4298-80d6-32eda73fd99d,269
a8521022-a926-4e58-95dd-ecc26def8ee8,269
54a64fdf-6d5b-4c0b-b51b-b23407df8652,269
c6c96262-9695-4e29-9e39-8870b5c6d373,269
f4a95cc5-a812-468a-8d61-c999405677be,269
b11ae496-02aa-42a9-b9d8-09f47eda2dea,269
44cdb05f-3160-491d-b8e5-31e160e55846,269
97f0c4c2-04df-447b-8a74-0c109d8e467f,269
69450170-f0e0-4d86-8484-268536b32925,269
d2c30a1e-3a2b-4716-b1e0-4fef8c9bfe1f,269
71288e4c-21c5-488b-8073-bc65860d775a,269
7613b9ae-52d3-40de-8861-81df6d7111ce,269
92e40041-d2c5-4ecb-8f41-42b8e823d483,269
263a1e51-326b-45f7-91b4-298acbaa6291,269
22472d4c-1da0-4692-afba-736f41306576,269
9e9bfc50-1540-4dd1-a9e1-d98cb72d1baa,269
33010f8d-9c11-4150-afc3-60eb99228c74,269
cef01eb5-7abd-4301-9377-57dbf508700c,269
618b4506-2692-4300-900d-b099d2aca50c,269
5ee31948-bd37-4f4a-b242-e17db030cbf0,269
5f975feb-8422-4760-be67-34def994c9b2,269
5478eebc-52d7-41c5-8fd4-9e539f43af29,269
f04de33d-64cd-47a7-aab8-a7ba874576ce,269
ce4e47da-c2e8-4e18-8378-b8db0b0266b9,269
a623eb92-26f1-4c81-ad0d-c1208c3e52db,269
5adb38ae-41fc-420a-b555-f446669401c8,269
0d4673bd-843e-4ef6-91c3-6e46c8b506df,269
2253bd88-3f20-42f7-8540-cbf3674532da,269
76589de1-442b-4018-87d8-0d374460c039,269
b5dedccd-6fc6-400b-86c4-db4a726dbb0b,269
efe22066-9ce0-401c-9806-77d906017d22,269
c2a4c066-c10b-4730-9e6a-e8b6427260d5,269
acff1d92-8a29-4d60-9cff-836336a2a2c9,269
beb91a78-ee91-4b14-92e4-be67ff11af3e,269
28015751-dea1-4478-99f1-98d98d721113,269
1002565d-09f2-48cb-8e98-aa4200d83570,269
293cbaec-b0bf-4ffb-a037-e822b1c47c93,269
e666034e-43ea-4629-b6f4-f77e27c379b0,269
f99acf81-1dc8-44ea-b55d-f26c589c635a,269
c89f831e-3e90-4fc1-8458-bdfd982b160c,269
69dde144-9ca7-485e-a825-cf0376c03ee1,269
0a2f1216-2d48-4d01-9126-7f067a405c15,269
246ee50b-2b04-48c4-87f4-9e6f24c0c389,269
02d3876c-8ba0-4a7e-b749-be5fa1897169,269
927ac3a8-7139-4735-94c7-31fa5d80b835,269
567ce31c-8848-4974-87e8-ecff9b649371,269
b95c15ee-d1de-4c03-b2a5-105d58ae2480,269
d6b0736d-3d94-4482-b44d-35da66ee08d4,269
6f6245f6-03f7-4131-ab8d-54d4d4383b71,269
021e64e1-efe0-428c-8dc3-e78e2fa53a3d,269
28b43d56-36c5-4a26-9e02-261e6bd5876a,269
971d3e8a-c8ff-4404-9255-63b5e0861830,269
8a0544d0-b263-4db9-9662-9d9da38afde0,269
23df9564-6955-40cb-8779-a7ab01853ae2,269
07c970ff-c388-4eaa-a7af-2c0464e82149,269
ac75b839-5c59-47f5-a75d-313b87c61925,269
1add487d-d6ab-43dc-8d84-bf76cfcfcfb9,269
a0c2db0e-f565-4953-969e-ca11493c92d8,269
7b13916d-73bf-4dcc-93d3-c6a3b7261358,269
bcdae8cd-360a-4f75-8211-d0c919ef930c,269
e8a83f57-6717-403f-84e9-56ecded817c7,269
b521ea24-d66f-4e27-a124-4fc199a28b45,269
1bfcae4e-cb5c-4b97-a80d-57273fccb12f,269
774c457d-9dde-44f6-bb95-7a6f25d4468f,269
920ee492-02a7-48ad-b5e4-3f8b76071e78,269
1d9ab56f-98a4-4e7c-b11d-ebda8a93e3ee,269
04290c46-731d-4afb-ba0c-aa5cf5ed2be5,269
79444afc-74d2-4149-8bc7-4608ca46b220,269
48e3455d-c108-46b4-87d2-885426266aa8,269
9cacdab8-2e9e-4446-a6f6-ff0fe6cfaee7,269
d929660d-bdde-42ec-bc76-4e96450132b9,269
10b9e651-7d30-4f96-9a86-ebe6896b466e,269
c485aa0d-c65f-41b3-a4d2-1af3ed217e22,269
50a78f57-d806-4479-9871-d616cf1a5f3d,269
78c17654-7b8d-42c4-ad6a-652f6462f2b9,269
1091571f-9fcc-4b0c-b756-f87d3b67c591,269
37c44eeb-b928-48aa-8453-8fba30c4248d,269
7aaa9927-0115-4684-aaa7-a456f8e42c37,269
c47026cd-15b6-471e-aaf3-a59338191424,269
84888a4c-38a6-4c15-9ae5-e807934bf0a1,269
ff5c9116-91f3-4a54-8255-607e3010e26e,269
e08403f1-eb15-43c5-8378-fa042b18e764,269
f28d4a08-d9a0-4f6c-91c7-cc4acc346cd4,269
102459dd-c9f7-48e9-bd5a-98bfc3eea2fa,269
7612cca2-e740-4606-a823-a6ae7a699e22,269
1f9fc7ec-5861-4133-bc65-8ae5f73542c2,269
272504bd-1c33-4c96-a765-c3cee3e8742a,269
cc8ab5e0-7125-45fb-950c-25833a40c5bf,269
6e93a688-920d-4f0c-8e5d-e14857b1765d,269
54a64fdf-6d5b-4c0b-b51b-b23407df8652,270
d2c30a1e-3a2b-4716-b1e0-4fef8c9bfe1f,270
c1897cfa-41de-4a88-be0c-a5ba965bf839,270
b63abe67-fa69-4e20-b001-9a56c6e6eb7d,270
cacf0cf0-7bea-40f9-8e89-ef86a940b844,270
927ac3a8-7139-4735-94c7-31fa5d80b835,270
355d744a-8094-4544-a9e0-dcf1d3994a87,270
6d30c907-82c7-45a7-a56b-4f091f6aa7e9,270
974c15c2-631d-467e-b002-1410d5b224a9,270
fbee4478-796e-42fd-9e94-c4057b3f70b6,270
c52f0d2e-c478-4307-8f71-3f6d751f6b4e,270
43b28c1a-ada6-457e-a30e-d72158fcfba2,270
c7da34d0-bc0d-4f10-81db-9d591c236325,270
927ce5d2-95a6-4ef0-a9f1-810ad900d2ae,270
b11ae496-02aa-42a9-b9d8-09f47eda2dea,270
c2a4c066-c10b-4730-9e6a-e8b6427260d5,270
7612cca2-e740-4606-a823-a6ae7a699e22,270
2382c12d-c09b-4d80-8cbe-46e1f92d4422,270
1add487d-d6ab-43dc-8d84-bf76cfcfcfb9,270
f624c7bd-180a-4e28-917e-67f66f883ead,270
aad6b277-4810-4278-9a74-b43ce236f9f6,270
cef01eb5-7abd-4301-9377-57dbf508700c,270
60ff9775-3e10-415d-ba05-203bcfc3ae23,270
920ee492-02a7-48ad-b5e4-3f8b76071e78,270
a15d65a3-5557-468e-afc5-9e8759311804,270
263a1e51-326b-45f7-91b4-298acbaa6291,270
c341ef53-af2f-48bc-aa98-21762716e877,270
4a886fcb-14b5-46fc-aeb7-97b9b3a7bf19,270
f4a95cc5-a812-468a-8d61-c999405677be,270
1b0385f1-6699-4428-9d34-1a5458fefaba,270
029444f2-8f81-4143-8327-0dd60854b932,270
9f9e95f0-b2e4-4c8e-ae8d-90ab44a9b9a8,270
ac75b839-5c59-47f5-a75d-313b87c61925,270
841a29b8-ccba-4c57-9d0d-a8a163123859,270
25940fea-c7cb-4fe2-83c8-6df2dd8dc881,270
ac9a153d-6ff1-41c7-82be-63f716f7bf59,270
50a78f57-d806-4479-9871-d616cf1a5f3d,270
8216ce1c-0dde-474c-9c1a-57201939078c,270
c9238bda-687a-4cef-94d4-5c7fbdc4789a,270
33010f8d-9c11-4150-afc3-60eb99228c74,270
705d7d9e-ac82-48f0-a825-e2b90dac7da9,270
10b9e651-7d30-4f96-9a86-ebe6896b466e,270
d27bf0ea-9492-47c7-a150-c946e5c3d4e1,270
84500394-7d49-446c-9378-e1272e9c887a,270
246ee50b-2b04-48c4-87f4-9e6f24c0c389,270
97f0c4c2-04df-447b-8a74-0c109d8e467f,270
02d3876c-8ba0-4a7e-b749-be5fa1897169,270
941ea176-df1b-4d28-beb3-4af8094ad2de,270
36c8f4fb-612c-41e7-9565-3b47009f77e7,270
d95f9cd5-75bf-45c9-b360-7c3181a3a8e7,270
23df9564-6955-40cb-8779-a7ab01853ae2,270
2cf3b39a-6604-4635-ac07-b2bdd9e77eee,270
1d9ab56f-98a4-4e7c-b11d-ebda8a93e3ee,270
4d7a7eee-5da7-4d4e-9dc2-d8dca18da46b,270
8eec5d83-1516-490a-ab57-a5619f05eab4,270
1f9fc7ec-5861-4133-bc65-8ae5f73542c2,270
304daf6f-c07d-4b04-a1f7-2553315db144,270
f04de33d-64cd-47a7-aab8-a7ba874576ce,323
457d73a9-77c2-4a77-b145-4191643aedfe,323
19e40a4f-097f-4306-991a-1a7761b66f19,323
04290c46-731d-4afb-ba0c-aa5cf5ed2be5,323
54ef7a3c-cc94-46a3-a575-b90e45ccdc31,323
8216ce1c-0dde-474c-9c1a-57201939078c,323
54a64fdf-6d5b-4c0b-b51b-b23407df8652,271
c1897cfa-41de-4a88-be0c-a5ba965bf839,271
d2c30a1e-3a2b-4716-b1e0-4fef8c9bfe1f,271
36c8f4fb-612c-41e7-9565-3b47009f77e7,271
7831b6c7-8184-49d1-b05d-67a741c7f75b,271
6d30c907-82c7-45a7-a56b-4f091f6aa7e9,271
2253bd88-3f20-42f7-8540-cbf3674532da,271
7613b9ae-52d3-40de-8861-81df6d7111ce,271
ce4e47da-c2e8-4e18-8378-b8db0b0266b9,271
ea5a87cd-bfbb-4b9c-8a9b-22baa59fd911,271
798ff2e7-d79d-4dbe-b61a-41578a8e5f30,271
7f5e7f98-4e1f-49a8-865d-c7ac0aca3691,271
2a19068f-cabc-4922-8004-1f1cb2c945a1,271
b11ae496-02aa-42a9-b9d8-09f47eda2dea,271
eae5390f-94db-475c-8456-b9ee2b644b91,271
97eca41c-73c6-46af-880a-5d03696d7d46,271
33010f8d-9c11-4150-afc3-60eb99228c74,271
d95f9cd5-75bf-45c9-b360-7c3181a3a8e7,271
82131f56-9778-4dea-a2cd-872245babf4e,271
02d3876c-8ba0-4a7e-b749-be5fa1897169,271
920ee492-02a7-48ad-b5e4-3f8b76071e78,271
f4a95cc5-a812-468a-8d61-c999405677be,271
a15d65a3-5557-468e-afc5-9e8759311804,271
5c0891e5-c8e2-4a20-90c5-f21ace376001,271
97f0c4c2-04df-447b-8a74-0c109d8e467f,271
cef01eb5-7abd-4301-9377-57dbf508700c,271
c2a4c066-c10b-4730-9e6a-e8b6427260d5,271
68e8d14e-8384-4f86-9775-337ba9f3cd52,271
62a11b56-88df-4bbb-8808-301f80d10937,271
8f6665e0-f8e6-4b0e-a557-16c11e00f951,271
1add487d-d6ab-43dc-8d84-bf76cfcfcfb9,271
2eefd786-9146-49ce-86b5-01952822ff52,271
705d7d9e-ac82-48f0-a825-e2b90dac7da9,271
281befb6-2fc6-4664-8af7-426fe519bf14,271
ac75b839-5c59-47f5-a75d-313b87c61925,271
c9238bda-687a-4cef-94d4-5c7fbdc4789a,271
1f9fc7ec-5861-4133-bc65-8ae5f73542c2,271
8216ce1c-0dde-474c-9c1a-57201939078c,271
66149c1d-17ea-41d6-8373-8c7010072597,271
50a78f57-d806-4479-9871-d616cf1a5f3d,271
f624c7bd-180a-4e28-917e-67f66f883ead,271
c341ef53-af2f-48bc-aa98-21762716e877,271
8d1a67f3-d4da-4cd3-93b1-a27f91c51b44,271
1d9ab56f-98a4-4e7c-b11d-ebda8a93e3ee,271
8590a607-0702-4b60-b4a6-de178effbe6d,271
4d7a7eee-5da7-4d4e-9dc2-d8dca18da46b,271
d4b18a5c-c397-4f5d-9791-d982295bd55c,271
5ee4bb0c-e647-48b1-8dca-f173405d0ae8,271
9ba5a79c-935f-49ce-825e-1ca9257c8114,271
355d744a-8094-4544-a9e0-dcf1d3994a87,271
3c774998-ea7a-4958-8e4e-10cd225417fa,271
c7da34d0-bc0d-4f10-81db-9d591c236325,271
1f428e0d-b302-44d8-b784-18cd386876ea,271
84500394-7d49-446c-9378-e1272e9c887a,271
50156ed5-685d-4034-a282-ea514b9f642b,271
246ee50b-2b04-48c4-87f4-9e6f24c0c389,271
23df9564-6955-40cb-8779-a7ab01853ae2,271
7fda53b6-048b-4712-b7e7-823dc41867a6,271
73e5b9a0-1090-4cda-bc9b-472cf0e0fed3,271
c4fb1921-fe8a-41dc-864b-b81f5b28e25b,271
d2c30a1e-3a2b-4716-b1e0-4fef8c9bfe1f,59
318b6946-121a-4329-988b-18ef416240cd,59
a891aaf5-7aed-4216-aed8-f128c0f182ec,59
54ef7a3c-cc94-46a3-a575-b90e45ccdc31,59
ac75b839-5c59-47f5-a75d-313b87c61925,59
c2a4c066-c10b-4730-9e6a-e8b6427260d5,59
ce2d47bd-e0b6-4833-af53-d2c284145863,59
fd659c02-0ac4-4dce-be1d-750fa9eb48a0,59
7e3c309f-77df-44cc-a5f2-b0abc36620ce,59
1f9fc7ec-5861-4133-bc65-8ae5f73542c2,59
a5a76cb3-eaf6-4408-992b-a2631422befa,59
69dde144-9ca7-485e-a825-cf0376c03ee1,59
5e82ce1a-f072-4e46-abb4-2c3be23879f0,59
355d744a-8094-4544-a9e0-dcf1d3994a87,59
b6cbea72-81dd-4fc1-bbe5-ddea43f0c7ef,59
33010f8d-9c11-4150-afc3-60eb99228c74,59
1add487d-d6ab-43dc-8d84-bf76cfcfcfb9,59
b9b84657-49b2-428e-a482-0f6075de5485,59
8f6665e0-f8e6-4b0e-a557-16c11e00f951,59
5f975feb-8422-4760-be67-34def994c9b2,59
544ac65e-1c2d-4700-8ab2-9c97b3e3fda8,59
6db724f9-8175-43de-b5c6-1d71002c172e,59
f624c7bd-180a-4e28-917e-67f66f883ead,59
173ba516-92b6-41f9-b905-284998c63032,59
ce4e47da-c2e8-4e18-8378-b8db0b0266b9,59
c485aa0d-c65f-41b3-a4d2-1af3ed217e22,309
c1897cfa-41de-4a88-be0c-a5ba965bf839,309
a8521022-a926-4e58-95dd-ecc26def8ee8,309
d2c30a1e-3a2b-4716-b1e0-4fef8c9bfe1f,309
1b7345c8-3534-4dae-86e5-44afeedbdbf7,309
7e3c309f-77df-44cc-a5f2-b0abc36620ce,309
cab2b9ec-2162-4d76-a7cf-6b12249e30e7,309
e0b5cd04-9573-4c02-83dd-2ad1df8c68ac,309
f4a95cc5-a812-468a-8d61-c999405677be,309
9a664df4-1f99-4d38-9098-8a63bf322d43,309
2eefd786-9146-49ce-86b5-01952822ff52,309
64a524be-f7bd-4e55-a675-929899cc5c39,309
1f9fc7ec-5861-4133-bc65-8ae5f73542c2,309
1091571f-9fcc-4b0c-b756-f87d3b67c591,309
71288e4c-21c5-488b-8073-bc65860d775a,309
1add487d-d6ab-43dc-8d84-bf76cfcfcfb9,309
ac75b839-5c59-47f5-a75d-313b87c61925,309
5ee4bb0c-e647-48b1-8dca-f173405d0ae8,309
6e93a688-920d-4f0c-8e5d-e14857b1765d,309
cc8ab5e0-7125-45fb-950c-25833a40c5bf,309
e40ace11-ae6c-40fc-ae42-7c22877903f1,309
7a10407b-4290-4615-b376-d81fdd199071,309
8f6665e0-f8e6-4b0e-a557-16c11e00f951,309
927ac3a8-7139-4735-94c7-31fa5d80b835,309
69450170-f0e0-4d86-8484-268536b32925,309
31ba2f56-2b29-4eb0-91eb-4d9100294193,309
8216ce1c-0dde-474c-9c1a-57201939078c,309
544ac65e-1c2d-4700-8ab2-9c97b3e3fda8,309
8a0544d0-b263-4db9-9662-9d9da38afde0,309
7613b9ae-52d3-40de-8861-81df6d7111ce,309
10fd5996-e098-4766-b7f9-7db03250dd1d,309
33010f8d-9c11-4150-afc3-60eb99228c74,309
281befb6-2fc6-4664-8af7-426fe519bf14,309
50a78f57-d806-4479-9871-d616cf1a5f3d,309
ff5c9116-91f3-4a54-8255-607e3010e26e,309
920ee492-02a7-48ad-b5e4-3f8b76071e78,309
08248e9d-2917-4733-8a58-e903a4415b4e,309
7612cca2-e740-4606-a823-a6ae7a699e22,309
272504bd-1c33-4c96-a765-c3cee3e8742a,309
65347e41-970e-4fed-b6bd-7280b65486c1,309
cef01eb5-7abd-4301-9377-57dbf508700c,309
43b28c1a-ada6-457e-a30e-d72158fcfba2,309
a8521022-a926-4e58-95dd-ecc26def8ee8,273
9466cc55-e5fc-4e56-b34d-1bf559907639,273
0f3d523c-204c-438d-ae0e-2379ad264d97,273
c1897cfa-41de-4a88-be0c-a5ba965bf839,273
b11ae496-02aa-42a9-b9d8-09f47eda2dea,273
33010f8d-9c11-4150-afc3-60eb99228c74,273
ac75b839-5c59-47f5-a75d-313b87c61925,273
d2c30a1e-3a2b-4716-b1e0-4fef8c9bfe1f,273
9cacdab8-2e9e-4446-a6f6-ff0fe6cfaee7,273
6e93a688-920d-4f0c-8e5d-e14857b1765d,273
56186607-48a1-4092-bd4c-eabf77b55af6,273
c431aa75-e146-4424-8d82-d2bf4ec90019,273
e654c724-6345-48b9-a48e-7b0e8dc9d1ea,273
10b9e651-7d30-4f96-9a86-ebe6896b466e,273
c485aa0d-c65f-41b3-a4d2-1af3ed217e22,273
bc7fa871-32e3-4e34-920d-94ab78f2d5c8,273
271c3f2a-340e-49f8-8519-6532c933c6fa,273
bd2e4ae7-2de4-49b7-a7c6-05b27e63854d,273
927ac3a8-7139-4735-94c7-31fa5d80b835,273
78c17654-7b8d-42c4-ad6a-652f6462f2b9,273
4d7a7eee-5da7-4d4e-9dc2-d8dca18da46b,273
59a25a26-dd15-44ce-961b-62bc0bcc7d90,273
e0b5cd04-9573-4c02-83dd-2ad1df8c68ac,273
b95c15ee-d1de-4c03-b2a5-105d58ae2480,273
43b28c1a-ada6-457e-a30e-d72158fcfba2,273
272504bd-1c33-4c96-a765-c3cee3e8742a,273
37c44eeb-b928-48aa-8453-8fba30c4248d,273
281befb6-2fc6-4664-8af7-426fe519bf14,273
2253bd88-3f20-42f7-8540-cbf3674532da,273
84500394-7d49-446c-9378-e1272e9c887a,273
09cdc768-8215-4518-8789-0c0d065a937d,273
cc8ab5e0-7125-45fb-950c-25833a40c5bf,273
ff5c9116-91f3-4a54-8255-607e3010e26e,273
6d30c907-82c7-45a7-a56b-4f091f6aa7e9,273
4a886fcb-14b5-46fc-aeb7-97b9b3a7bf19,273
263a1e51-326b-45f7-91b4-298acbaa6291,273
3c774998-ea7a-4958-8e4e-10cd225417fa,273
2e73d163-0c6e-4d14-815d-c42ca60b5c9e,273
c2a4c066-c10b-4730-9e6a-e8b6427260d5,273
62b688d8-8b2e-418d-b69d-f61f885586bc,273
69450170-f0e0-4d86-8484-268536b32925,273
5478eebc-52d7-41c5-8fd4-9e539f43af29,273
102459dd-c9f7-48e9-bd5a-98bfc3eea2fa,273
b521ea24-d66f-4e27-a124-4fc199a28b45,273
f99acf81-1dc8-44ea-b55d-f26c589c635a,273
79444afc-74d2-4149-8bc7-4608ca46b220,273
22472d4c-1da0-4692-afba-736f41306576,273
1f9fc7ec-5861-4133-bc65-8ae5f73542c2,273
d929660d-bdde-42ec-bc76-4e96450132b9,273
9a664df4-1f99-4d38-9098-8a63bf322d43,273
36c8f4fb-612c-41e7-9565-3b47009f77e7,273
920ee492-02a7-48ad-b5e4-3f8b76071e78,273
841a29b8-ccba-4c57-9d0d-a8a163123859,273
0defe21f-0289-480a-b227-3ec712d9b080,273
ce4e47da-c2e8-4e18-8378-b8db0b0266b9,273
1091571f-9fcc-4b0c-b756-f87d3b67c591,273
da9ef7c6-dd30-4eb8-bd9f-f7a31c4b5584,273
d2c30a1e-3a2b-4716-b1e0-4fef8c9bfe1f,219
7ccde1cc-1574-4530-b51a-f7d02eb0eb43,219
4d7a7eee-5da7-4d4e-9dc2-d8dca18da46b,219
e1479bb8-005a-4ea5-98be-d0f56f60a7aa,219
cbe82e9f-ab46-4351-b3ed-b83bb9474c45,219
f4a95cc5-a812-468a-8d61-c999405677be,219
3017cef9-e9a9-4b9d-a18f-e675a7ca88b0,219
318b6946-121a-4329-988b-18ef416240cd,219
ad7aa449-6be7-494b-8c85-5a31f170d8cf,219
1d84e0f9-2d26-460a-8229-690e8eb54c95,219
c6c96262-9695-4e29-9e39-8870b5c6d373,305
c1897cfa-41de-4a88-be0c-a5ba965bf839,305
50a78f57-d806-4479-9871-d616cf1a5f3d,305
84142fd2-2f82-4655-a346-55433c2fae20,305
f624c7bd-180a-4e28-917e-67f66f883ead,305
9a664df4-1f99-4d38-9098-8a63bf322d43,305
54a64fdf-6d5b-4c0b-b51b-b23407df8652,305
1add487d-d6ab-43dc-8d84-bf76cfcfcfb9,305
246ee50b-2b04-48c4-87f4-9e6f24c0c389,305
ecc9af89-d8fb-45d6-afde-2a14784d0f69,305
293cbaec-b0bf-4ffb-a037-e822b1c47c93,305
2b866bbf-20ad-4d41-a699-a565b38c6a9c,305
12a8d994-f691-49f2-81ef-20251dce2c11,305
43b28c1a-ada6-457e-a30e-d72158fcfba2,305
544ac65e-1c2d-4700-8ab2-9c97b3e3fda8,305
3d18d074-8ddc-4505-83e9-a1aa824c5219,305
68e8d14e-8384-4f86-9775-337ba9f3cd52,305
10c0cadb-8ec7-4ec3-a420-a16835521703,305
7831b6c7-8184-49d1-b05d-67a741c7f75b,305
263a1e51-326b-45f7-91b4-298acbaa6291,305
2aac7abd-eda1-47af-9ec3-828924163a02,305
8f6665e0-f8e6-4b0e-a557-16c11e00f951,305
9cacdab8-2e9e-4446-a6f6-ff0fe6cfaee7,305
a431d2f4-1fcd-488a-b00e-c225d38e9ab0,305
2253bd88-3f20-42f7-8540-cbf3674532da,305
69dde144-9ca7-485e-a825-cf0376c03ee1,305
63d6005a-8410-4211-8fe5-74bf5769206d,305
c4fb1921-fe8a-41dc-864b-b81f5b28e25b,305
355d744a-8094-4544-a9e0-dcf1d3994a87,305
cef01eb5-7abd-4301-9377-57dbf508700c,305
10b9e651-7d30-4f96-9a86-ebe6896b466e,305
ac75b839-5c59-47f5-a75d-313b87c61925,305
4d96d115-8079-49e4-8279-592915f19f20,305
96914d47-34e6-47fb-bc72-29786e0a318c,305
650607d5-41be-4019-ae89-fa7ae2fb710b,305
fd659c02-0ac4-4dce-be1d-750fa9eb48a0,305
b7c44e48-5325-4ed5-8fd5-1ca4a41dd122,305
920ee492-02a7-48ad-b5e4-3f8b76071e78,305
01044e53-5a60-4c54-bba0-b8abdd1c9b2a,305
e67ce3b4-78e3-4213-bc04-6f127efe5b80,305
ce4e47da-c2e8-4e18-8378-b8db0b0266b9,305
2d06714d-1617-4ffb-a2e7-4dda9eae5c22,305
d2c30a1e-3a2b-4716-b1e0-4fef8c9bfe1f,305
d3ab0bac-850f-48a3-ac10-22d13e1af184,305
37c44eeb-b928-48aa-8453-8fba30c4248d,305
36e9a5f5-37ef-45eb-b1c7-bd320cf572e1,321
d2c30a1e-3a2b-4716-b1e0-4fef8c9bfe1f,321
66d70e57-48b8-4846-987d-5e477db3873e,321
96409391-2656-4e8c-942d-0edb23c7bbb4,321
7fda53b6-048b-4712-b7e7-823dc41867a6,294
54a64fdf-6d5b-4c0b-b51b-b23407df8652,294
97f0c4c2-04df-447b-8a74-0c109d8e467f,294
48e3455d-c108-46b4-87d2-885426266aa8,294
5c0891e5-c8e2-4a20-90c5-f21ace376001,294
8858af5d-0a2a-4555-a3af-d00d5fbec417,294
94b3adf7-4a8b-4e40-811d-e55dca4cf270,294
0d4673bd-843e-4ef6-91c3-6e46c8b506df,294
f04de33d-64cd-47a7-aab8-a7ba874576ce,294
c5891e6b-f353-4e9a-8427-28d4d9ef3eb8,294
5ee4bb0c-e647-48b1-8dca-f173405d0ae8,294
90b5dc02-8256-40a5-bb89-8fd303648011,294
e666034e-43ea-4629-b6f4-f77e27c379b0,294
36c8f4fb-612c-41e7-9565-3b47009f77e7,294
16239a1e-a119-4f7b-9fdb-ee9d1178d779,294
5e208f97-0faf-4965-9ff0-a301a492473e,294
11c753b7-2768-48b6-8bb1-3335ec392da3,294
97f0c4c2-04df-447b-8a74-0c109d8e467f,276
e8512c52-8f5d-429e-b9d3-80040f2f36df,276
0d4673bd-843e-4ef6-91c3-6e46c8b506df,276
28015751-dea1-4478-99f1-98d98d721113,276
ae780011-67a8-46b7-bd5c-2092da38c0c2,276
66149c1d-17ea-41d6-8373-8c7010072597,276
4d3c0726-8e51-4bb4-9313-3666923d622a,276
e8a83f57-6717-403f-84e9-56ecded817c7,276
e9e76130-877b-456d-ae76-b95a2f4b145d,276
f17d871c-9c61-4b78-87d6-e6ce52acc072,276
cab2b9ec-2162-4d76-a7cf-6b12249e30e7,276
84888a4c-38a6-4c15-9ae5-e807934bf0a1,276
04290c46-731d-4afb-ba0c-aa5cf5ed2be5,276
48e3455d-c108-46b4-87d2-885426266aa8,276
d5a9e3c1-a33e-4e33-82f9-0cbced6941b7,276
7edc8835-749b-4838-b81b-d42ea94cd7d0,276
f04de33d-64cd-47a7-aab8-a7ba874576ce,276
559f4658-5802-42de-867e-b92cbf7c156d,276
2950d101-1fd0-41cc-ab20-52f21e33d13f,276
78e2e32a-cd7e-4297-b596-d2bda0e22025,276
c5891e6b-f353-4e9a-8427-28d4d9ef3eb8,276
7f5f9b27-fe8a-48db-b56d-c6ba6266f62b,276
457d73a9-77c2-4a77-b145-4191643aedfe,276
a8521022-a926-4e58-95dd-ecc26def8ee8,277
c1897cfa-41de-4a88-be0c-a5ba965bf839,277
c6c96262-9695-4e29-9e39-8870b5c6d373,277
d2c30a1e-3a2b-4716-b1e0-4fef8c9bfe1f,277
318b6946-121a-4329-988b-18ef416240cd,277
04290c46-731d-4afb-ba0c-aa5cf5ed2be5,277
c52f0d2e-c478-4307-8f71-3f6d751f6b4e,277
f4a95cc5-a812-468a-8d61-c999405677be,277
927ac3a8-7139-4735-94c7-31fa5d80b835,277
1add487d-d6ab-43dc-8d84-bf76cfcfcfb9,277
cc8ab5e0-7125-45fb-950c-25833a40c5bf,277
544ac65e-1c2d-4700-8ab2-9c97b3e3fda8,277
52497074-c0fd-4efa-b1bb-23773cc1d3ce,277
50a78f57-d806-4479-9871-d616cf1a5f3d,277
fbc6c0f5-e999-4b3f-ad15-7410bfa41ffc,277
02d3876c-8ba0-4a7e-b749-be5fa1897169,277
c47026cd-15b6-471e-aaf3-a59338191424,277
54a64fdf-6d5b-4c0b-b51b-b23407df8652,277
caf445c6-9dbc-444a-b79e-a1d37d702723,277
5ee31948-bd37-4f4a-b242-e17db030cbf0,277
b95c15ee-d1de-4c03-b2a5-105d58ae2480,277
4d3c0726-8e51-4bb4-9313-3666923d622a,277
c7da34d0-bc0d-4f10-81db-9d591c236325,277
a15d65a3-5557-468e-afc5-9e8759311804,277
ad7d1dca-43e4-4ae2-bc10-837365c4f289,277
1bfcae4e-cb5c-4b97-a80d-57273fccb12f,277
b521ea24-d66f-4e27-a124-4fc199a28b45,277
774c457d-9dde-44f6-bb95-7a6f25d4468f,277
ac75b839-5c59-47f5-a75d-313b87c61925,277
2575740c-efa4-4101-a8ea-6732ae18c32c,277
920ee492-02a7-48ad-b5e4-3f8b76071e78,277
c9238bda-687a-4cef-94d4-5c7fbdc4789a,277
81563260-6ce0-44d9-9e51-d052651803c9,277
971d3e8a-c8ff-4404-9255-63b5e0861830,277
cef01eb5-7abd-4301-9377-57dbf508700c,277
a891aaf5-7aed-4216-aed8-f128c0f182ec,277
beb91a78-ee91-4b14-92e4-be67ff11af3e,277
f11a451e-ffc0-48ce-ac75-569c48284ae9,277
f99acf81-1dc8-44ea-b55d-f26c589c635a,277
a1c01530-068e-42c6-a047-90a015ae67af,277
76589de1-442b-4018-87d8-0d374460c039,277
fd659c02-0ac4-4dce-be1d-750fa9eb48a0,277
22472d4c-1da0-4692-afba-736f41306576,277
b11ae496-02aa-42a9-b9d8-09f47eda2dea,277
6d30c907-82c7-45a7-a56b-4f091f6aa7e9,277
2253bd88-3f20-42f7-8540-cbf3674532da,277
da8d3e9e-8328-4a1e-9121-529cd5b3ad72,277
84500394-7d49-446c-9378-e1272e9c887a,277
78c17654-7b8d-42c4-ad6a-652f6462f2b9,277
857dfb16-3292-4c02-879a-7ea13ad4c311,277
9a664df4-1f99-4d38-9098-8a63bf322d43,60
cef01eb5-7abd-4301-9377-57dbf508700c,60
d2c30a1e-3a2b-4716-b1e0-4fef8c9bfe1f,60
b11ae496-02aa-42a9-b9d8-09f47eda2dea,60
6023eec0-4c23-4f83-a9f7-4fe180d0cd66,60
1add487d-d6ab-43dc-8d84-bf76cfcfcfb9,60
89b72dd5-8ea3-45f2-8271-0a0ea222ab8d,60
33010f8d-9c11-4150-afc3-60eb99228c74,60
920ee492-02a7-48ad-b5e4-3f8b76071e78,60
43b28c1a-ada6-457e-a30e-d72158fcfba2,60
a59ea005-2e3a-4dd2-ba63-7ba24b1d2d74,60
1f9fc7ec-5861-4133-bc65-8ae5f73542c2,60
2575740c-efa4-4101-a8ea-6732ae18c32c,60
8a0544d0-b263-4db9-9662-9d9da38afde0,60
ccf8248a-b212-4977-a40d-4fb82297dc48,60
c8feb6b9-0608-4b4b-a575-2a094de96473,60
8216ce1c-0dde-474c-9c1a-57201939078c,316
2575740c-efa4-4101-a8ea-6732ae18c32c,316
f935a8a5-5001-4991-8e6f-6be752f9382a,316
c7da34d0-bc0d-4f10-81db-9d591c236325,316
db987e28-aa91-4670-b0fe-189453962159,316
1add487d-d6ab-43dc-8d84-bf76cfcfcfb9,316
bf380269-2683-42b2-a24d-9c70c44e8e1b,316
f28d4a08-d9a0-4f6c-91c7-cc4acc346cd4,316
10b9e651-7d30-4f96-9a86-ebe6896b466e,316
a8c78b27-031f-47cc-808c-f0add8fc24f3,316
84500394-7d49-446c-9378-e1272e9c887a,316
74128e40-1bc8-44ab-ac6b-1e12cd431a2e,316
2a19068f-cabc-4922-8004-1f1cb2c945a1,316
7edc8835-749b-4838-b81b-d42ea94cd7d0,316
1f428e0d-b302-44d8-b784-18cd386876ea,316
be28ee6f-7cb3-4c61-8d26-9a49a24214c3,316
078a997a-d949-4d97-b99d-02c124ca69e1,316
8a0544d0-b263-4db9-9662-9d9da38afde0,316
705d7d9e-ac82-48f0-a825-e2b90dac7da9,316
246ee50b-2b04-48c4-87f4-9e6f24c0c389,316
60ff9775-3e10-415d-ba05-203bcfc3ae23,316
39cdc80f-e1b4-415e-91ff-5a650a46dd9f,316
0defe21f-0289-480a-b227-3ec712d9b080,316
54b63090-8f8b-4298-80d6-32eda73fd99d,308
7fda53b6-048b-4712-b7e7-823dc41867a6,308
ac44a4d3-0a79-4379-9dbb-5552528e4f34,308
705d7d9e-ac82-48f0-a825-e2b90dac7da9,308
d1459c11-e499-41e4-9a6a-d8c2f813c4e2,308
26f88be3-b72e-40a2-9b50-7dec0c0be048,308
61fddc26-d411-4090-bbb8-c6aa94fb4591,308
e787e158-8499-4ca0-8490-a71e54c9c750,308
c895ac9f-8d57-4d6e-9ea1-6f470509f1b8,308
246ee50b-2b04-48c4-87f4-9e6f24c0c389,308
2575740c-efa4-4101-a8ea-6732ae18c32c,308
2aac7abd-eda1-47af-9ec3-828924163a02,308
f8c65c44-7e28-493f-a8f3-91d116bfeae4,308
2d8cf7c2-970c-4d0f-9806-4fcce5c3b282,308
7f5e7f98-4e1f-49a8-865d-c7ac0aca3691,308
6d30c907-82c7-45a7-a56b-4f091f6aa7e9,308
c7da34d0-bc0d-4f10-81db-9d591c236325,308
8d1a67f3-d4da-4cd3-93b1-a27f91c51b44,308
39cdc80f-e1b4-415e-91ff-5a650a46dd9f,308
21d89aad-dc32-4b92-a3f2-ec34d4a1b94b,308
2a19068f-cabc-4922-8004-1f1cb2c945a1,308
4d3c0726-8e51-4bb4-9313-3666923d622a,308
1256cd4e-7e8d-4567-a6bd-d03a1625cba4,308
92e40041-d2c5-4ecb-8f41-42b8e823d483,308
7613b9ae-52d3-40de-8861-81df6d7111ce,308
84500394-7d49-446c-9378-e1272e9c887a,308
10b9e651-7d30-4f96-9a86-ebe6896b466e,308
e305eaad-3fb8-4fb6-8a0e-cc315812b8a4,308
58ab883d-a920-4bd8-b11d-64ea7f6aaea1,308
fbee4478-796e-42fd-9e94-c4057b3f70b6,308
8a0544d0-b263-4db9-9662-9d9da38afde0,308
a15d65a3-5557-468e-afc5-9e8759311804,308
4331cf46-99e2-4b5d-967d-011d9e80c326,308
0fb86105-2f19-46d4-beaf-595ae218af45,308
bf380269-2683-42b2-a24d-9c70c44e8e1b,308
1a88136e-5791-4d05-9ce2-30569cf9cb86,308
cab2b9ec-2162-4d76-a7cf-6b12249e30e7,308
387e074f-ca8c-490c-8b71-d83e4f17692e,308
1add487d-d6ab-43dc-8d84-bf76cfcfcfb9,308
8216ce1c-0dde-474c-9c1a-57201939078c,308
ec917734-64d3-4b6f-ac18-8aa22a688720,308
fa309a72-0c77-4009-9bad-7211c3efbfbc,306
8a0544d0-b263-4db9-9662-9d9da38afde0,306
2aac7abd-eda1-47af-9ec3-828924163a02,306
1d49636e-fcb5-4694-bd4f-3fdfd5c89fa0,306
10b9e651-7d30-4f96-9a86-ebe6896b466e,306
7613b9ae-52d3-40de-8861-81df6d7111ce,306
bf380269-2683-42b2-a24d-9c70c44e8e1b,306
84500394-7d49-446c-9378-e1272e9c887a,306
8216ce1c-0dde-474c-9c1a-57201939078c,306
1add487d-d6ab-43dc-8d84-bf76cfcfcfb9,306
be28ee6f-7cb3-4c61-8d26-9a49a24214c3,306
c7da34d0-bc0d-4f10-81db-9d591c236325,306
dd07bcde-6f09-44de-b489-c13c7014dbb3,306
705d7d9e-ac82-48f0-a825-e2b90dac7da9,306
cab2b9ec-2162-4d76-a7cf-6b12249e30e7,306
58ab883d-a920-4bd8-b11d-64ea7f6aaea1,306
c9238bda-687a-4cef-94d4-5c7fbdc4789a,306
44cdb05f-3160-491d-b8e5-31e160e55846,279
10b9e651-7d30-4f96-9a86-ebe6896b466e,279
db987e28-aa91-4670-b0fe-189453962159,279
a15d65a3-5557-468e-afc5-9e8759311804,279
1d49636e-fcb5-4694-bd4f-3fdfd5c89fa0,279
58ab883d-a920-4bd8-b11d-64ea7f6aaea1,279
a0187414-b115-4109-a5d3-5988ea97e340,279
1add487d-d6ab-43dc-8d84-bf76cfcfcfb9,279
8702f9a7-d2ac-47bd-b72e-b296dce0e8ce,279
39cdc80f-e1b4-415e-91ff-5a650a46dd9f,279
2de0dd6a-6e62-45fa-99f3-8a3684ffe147,279
2575740c-efa4-4101-a8ea-6732ae18c32c,279
246ee50b-2b04-48c4-87f4-9e6f24c0c389,279
bf380269-2683-42b2-a24d-9c70c44e8e1b,279
fa309a72-0c77-4009-9bad-7211c3efbfbc,279
c7da34d0-bc0d-4f10-81db-9d591c236325,279
2aac7abd-eda1-47af-9ec3-828924163a02,279
f8c65c44-7e28-493f-a8f3-91d116bfeae4,279
ea5a87cd-bfbb-4b9c-8a9b-22baa59fd911,279
21d89aad-dc32-4b92-a3f2-ec34d4a1b94b,279
1ace0736-10e8-4352-ae96-e8e76ce7ac11,279
bad5f9a9-c256-47b6-a859-998550c33e3b,279
84500394-7d49-446c-9378-e1272e9c887a,279
1f428e0d-b302-44d8-b784-18cd386876ea,279
6d30c907-82c7-45a7-a56b-4f091f6aa7e9,279
8d1a67f3-d4da-4cd3-93b1-a27f91c51b44,280
44cdb05f-3160-491d-b8e5-31e160e55846,280
f9c29a9f-a31c-4cc2-afb5-9b882e14b3d3,280
78e2e32a-cd7e-4297-b596-d2bda0e22025,280
bf380269-2683-42b2-a24d-9c70c44e8e1b,280
2aac7abd-eda1-47af-9ec3-828924163a02,280
39cdc80f-e1b4-415e-91ff-5a650a46dd9f,280
84500394-7d49-446c-9378-e1272e9c887a,280
22f701f2-2691-4c85-871b-c84f452d573a,280
1add487d-d6ab-43dc-8d84-bf76cfcfcfb9,280
246ee50b-2b04-48c4-87f4-9e6f24c0c389,280
a0187414-b115-4109-a5d3-5988ea97e340,280
4d3c0726-8e51-4bb4-9313-3666923d622a,280
e3723de3-10df-47fd-b362-d3221ad27208,280
7fda53b6-048b-4712-b7e7-823dc41867a6,280
54ef7a3c-cc94-46a3-a575-b90e45ccdc31,280
2575740c-efa4-4101-a8ea-6732ae18c32c,280
ea5a87cd-bfbb-4b9c-8a9b-22baa59fd911,280
02d3876c-8ba0-4a7e-b749-be5fa1897169,280
ddccffba-dd7f-40e9-80ff-cb429db9c7ab,280